:020000040000FA
:10000000487E0020050200001B0200005131000064
:100010001F02000021020000230200000000000077
:1000200000000000000000000000000025020000A9
:10003000270200000000000029020000F98F0000E4
:100040002D0200002D0200002D02000015F400001A
:100050002D02000000000000000000000000000071
:100060000000000000000000000000007D12000001
:100070002D0200002D0200002D0200002D020000C4
:100080002D0200002D020000D50600002D02000008
:100090002D0200002D0200002D02000000000000D3
:1000A0009D0E00002D020000000000002D02000047
:1000B0002D0200002D020000000000002D020000B3
:1000C000000000002D020000000000002D020000D2
:1000D0002D0200002D020000DDF900002D020000BD
:1000E0000000000000000000000000002D020000E1
:1000F00000000000AD0E0000000000002D02000016
:10010000000000002D020000000000002D02000091
:100110002D0200002D0200002D0200002D02000023
:100120008D1200002D0200002D0200002D020000A3
:100130002D0200002D020000000000002D02000032
:100140002D0200002D0200002D0200000000000022
:100150002D0200002D0200002D0200002D020000E3
:100160002D02000000000000000000000000000060
:10017000651201005D120100000000000000000097
:10018000000000002D020000000000000000000040
:10019000000000000000000000000000000000005F
:1001A00000000000000000002D0200002D020000F1
:1001B0009D1A00008D1A00007D1A00006D1A0000C3
:1001C000DFF810D000F084F80048004765300100E7
:1001D000AFF30080487E00200649086820F0010047
:1001E00008604FF0FF300449086004490860044883
:1001F0000047000010E000E080E100E084E100E062
:10020000010320000A48016821F480310160094897
:100210004FF48031016008480047FEE7FEE7FEE743
:10022000FEE7FEE7FEE7FEE7FEE7FEE7FEE700008B
:1002300004F0014000F00140C10100000649074AF6
:100240000868504343F23902104408604008704780
:100250000149086070470000F81100206D4EC6414A
:1002600040EA01039B0703D009E008C9121F08C038
:10027000042AFAD203E011F8013B00F8013B521EB8
:10028000F9D27047D2B201E000F8012B491EFBD22F
:1002900070470022F6E710B513460A460446194691
:1002A000FFF7F0FF204610BD421C10F8011B00298B
:1002B000FBD1801A704730B504460020034600E0A9
:1002C0005B1C934203D2E05CCD5C401BF8D030BD98
:1002D000064C074D06E0E06840F0010394E8070093
:1002E00098471034AC42F6D3FFF76EFF285C01004C
:1002F000485C010070B58C1810F8015B15F007031D
:1003000001D110F8013B2A1106D110F8012B03E0AE
:1003100010F8016B01F8016B5B1EF9D12B0705D4B6
:100320000023521E0DD401F8013BFAE710F8013BFF
:10033000CB1A921C03E013F8015B01F8015B521E1B
:10034000F9D5A142D8D3002070BD00007047704796
:10035000704710B50A48446A446214F00C0F02D08A
:100360002046FFF7F3FF14F4046F02D02046FFF796
:10037000EEFF14F4E02F02D02046FFF7E9FF10BD96
:1003800000F00140704770477047704770470000A9
:100390000021C16290F83010014A52F8211008473C
:1003A00080030020AFF300802DE9F84FDFF8B8920A
:1003B000D9F80001400773D5D9F84061D9F8300168
:1003C0008643002E6CD0A94F700744D5D9F84C4114
:1003D000D9F83C018443C9F84C4100232246194610
:1003E000F22012F079FEA00705D5387820F0010040
:1003F000387013F02BFB600708D53878C00705D19B
:10040000387840F00100387013F014FBE0070AD090
:100410003878C00705D1387840F00100387013F003
:1004200009FB13F0ABFA200705D5D9F8580100F401
:100430007F00C9F85801E00604D5D9F85801C0B2C8
:10044000C9F85801600606D5D9F85001C9F850011D
:100450004020C9F84C018548F10700F108004FF031
:10046000010B009036D0D9F84441D9F834018443C7
:10047000C9F84441002322461946F02012F02CFE10
:10048000E0071DD03878800713D4D9F80001400662
:1004900007D510F011FB40F24C40C9F8100104E000
:1004A000C8E042F21070C9F81001387840F002003C
:1004B000387087F801B008228020009912F068FF98
:1004C000E00607D500207870D9F8200140F004003C
:1004D000C9F82001B0073AD5D9F848A1D9F83801B0
:1004E0002AEA000A002352461946F12012F0F4FDD0
:1004F000002404F110010BFA01F010EA0A0F23D0D6
:10050000D9F838110143C9F8381107EBC400D0F805
:100510008050042C04DA09EBC400D0F8080304E08E
:10052000201F09EBC000D0F850032968C0F3102049
:10053000A1EB0008287A00234246012112F0CCFDED
:10054000287A41460FF01AFB641C082CD1D33007DF
:1005500070D5D9F82863D9F82C038643C9F82863E5
:10056000002332461946F32012F0B6FDF00743D0BF
:1005700078780424012804D003281AD002282AD02D
:100580003AE00022FF218020009B12F0A5FDB87BFD
:10059000F97B084305D0387A000604D5022078702C
:1005A00003E07C7001E003207870009810F0B6FC46
:1005B00022E03869D9F80013C1F31021451A7C7084
:1005C00000232A460121184612F086FD2946002004
:1005D0000FF0D4FA10E03869D9F80013C1F31021F4
:1005E000451A7C7000232A460121802012F074FDF8
:1005F000294680200FF0C2FA0024601C0BFA00F09C
:1006000030422BD007EBC400D0F88050287A010686
:1006100009D5D9F8380104F110020BFA02F1884328
:10062000C9F838011AE0042C05DA09EBC401D1F845
:10063000081305E015E0211F09EBC101D1F85013A3
:100640002A68C1F31021A2EB0108424601216B6820
:1006500012F042FD287A41460FF090FA641C082CF3
:10066000CBD3BDE8F88F000000700540E0650020A6
:10067000704770477047F0B4102180F83D10016852
:10068000446801234D6803FA04F22A424FF0000641
:1006900006D08B6813438B600664C16CF0BC0847BE
:1006A0001034A340CC68234206D006640A691A437A
:1006B0000A61416DF0BC0847CB681A4207D00B2392
:1006C00003640B6913430B61016DF0BC0847F0BC78
:1006D000704700002DE9F84FDFF83891D9F8000095
:1006E000002802D0401EC9F800004B4F387810B1E6
:1006F00005464A4806784A4CD4F80C01C0075BD03E
:100700000320C4F80C0103F03FFD626ADFF8188192
:10071000444898F8001000EB41100280226A4280A1
:10072000E26B8280A26BC280E2690281A26942818F
:10073000626982812269C281E2680282A268428281
:1007400062688282A26AC282626B0283226B4283E7
:10075000E26A82830091DFF8D4A04FF0010B9AF88F
:10076000020001282FD09AF803109AF8060003F02F
:100770008BFC88F8000004F009FF9AF80300401C85
:10078000C0B28AF803009AF80710491C884203D1C6
:100790008AF802B08AF803B0D9F80000A0B30020AC
:1007A0004FF40C71401C80B28842FBD3D4F8000196
:1007B00040F01000C4F80001002D02D03D70174831
:1007C0000670BDE8F88F9AF804109AF8000003F05C
:1007D0005BFC88F8000004F0D9FE9AF80400401C85
:1007E000C0B28AF804009AF80110491C884203D16B
:1007F0008AF804B003F05CFC9AF807000028CBD01C
:1008000000208AF80200C7E7FFE7009803F040F9EC
:10081000CCE7000068000020890000208D00002047
:10082000007002402A220020320200200000002036
:1008300030B5002440F6FF720023294D286820F4CB
:10084000F8102860286820F470602860286A20F07A
:100850001F002862686840F000406860686820F007
:10086000FE406860A5F580750021D5F8000140F0D4
:100870001000C5F80001D5F85001C007FBD0D5F82D
:10088000500140F00100C5F85001286880B20444CE
:10089000904200D20246984200D90346491C4229A0
:1008A000E3D3E01A801A80097F2808D9D5F804011B
:1008B00020F0FE4000F17C50C5F8040105E0D5F8B9
:1008C000041160F31E61C5F8041105F582752868EE
:1008D00020F000402860A86840F00100A86030BD0A
:1008E000007102407047000010B5074A01EB41015A
:1008F000064C535C23541144631D4A781A545A1D04
:100900008978115410BD0000A04A01004A0300205C
:100910000549C879401CC0B2C871042803D9002019
:10092000C8710120087270472E030020064908464E
:100930000A7BC07BFF2A03D0044A105C0871704711
:10094000034A105C087170472E0300205C560100BA
:10095000645601002DE9F04F1D4B00245C706420AB
:10096000588300F03FF8DC705C715C729C709C7482
:100970009C710020174991F800B025E00021164A2B
:10098000174EDFF84CC0125C0CF12B0C02EB420549
:10099000ACF10F08745D2E44104B7578B678FF27C4
:1009A00008F1050908F10A0A23F810200CF8007074
:1009B00008F8004009F800500AF80060491CC9B264
:1009C0000229F1D3401CC0B25845D7D3BDE8F08FFF
:1009D0002E0300205B56010055560100C05D00202B
:1009E0006D5301000B4908460A7B407BFF2A03D068
:1009F000094A105C887302E0084A105C8873488BCF
:100A00008A7B50434FF4C872B0FBF2F00883C8826F
:100A1000704700002E030020755601007D5601002E
:100A20000549088B401E0004000C088303D1C88AC6
:100A300008830120087070472E03002070B5104D08
:100A400000266878012800D06E7101236B70F020B9
:100A50006883FFF7C7FFEB706E72AE70287B0828C3
:100A600008D20024297B2046FFF73EFF641CE4B235
:100A7000052CF7D3287B082800D32E7370BD000007
:100A80002E0300200649054AC87A12F810300B736D
:100A900002EB400040780874704700004D5601009A
:100AA0002E030020F0B50F4D03206870642068838A
:100AB000FFF798FF0020E87068716872A870FF2641
:100AC00005F12B070024297B2046FFF70DFF641C4E
:100AD000E4B2052CF7D33E55641CE0B20528F1D3EF
:100AE000F0BD00002E03002000B50C4B052058700F
:100AF0004FF4C8705883FFF775FF0120D8700021AC
:100B00005971987059720020044A2B321154401CBC
:100B1000C0B20528FAD3197300BD00002E030020CF
:100B2000F0B5134B02205870C8205883FFF75AFFC6
:100B30000021D970597199705972997400200D4D26
:100B400001EB41020A4BA95C1C3315445C1D6A7819
:100B5000661DAD78FF2703F10F0C1954225435544C
:100B60000CF80070401CC0B20528F6D3F0BD0000A0
:100B70002E0300206D5301001C48C17A0A2904D9B4
:100B80004FF4004191F80612C172C17A0B292BD2A1
:100B9000DFE801F0060A080C1014181C20242800B5
:100BA000FFF7D8BEFFF74ABFFFF7BABF00210173B6
:100BB000FFF778BF01210173FFF774BF02210173B2
:100BC000FFF770BF03210173FFF76CBF04210173AE
:100BD000FFF768BF05210173FFF764BF06210173AA
:100BE000FFF760BFFFF780BF704700002E030020B3
:100BF000F0B5DDE9057C00240F4D00262E55641C60
:100C0000E4B2402CFAD355242C70FB246C70A870ED
:100C1000D00BE8702971080A6871AA71100AE8718E
:100C20002B72180A6872AF72380AE87285F80CC025
:100C30004FEA1C206873F0BD8244002070B52E4836
:100C4000002606704FF4184000782C4C207049F6AE
:100C500001000078607049F602000078A07049F643
:100C600003000078E07049F608000078207149F62A
:100C700009000078607149F60A000078A07149F611
:100C80000B000078E0711E480670E179012501290A
:100C900003D0E179022902D002E0057000E005707E
:100CA00021781848802920D0217809B32178491E5D
:100CB00001701548016941F0100101616079134923
:100CC00008701349FF20087006F082F90CF0FAFA58
:100CD000A07910490870104805701048067007F098
:100CE00063FEBDE8704004F0EDBB13210170E0E746
:100CF00014210170DDE700006B030020E8020020F2
:100D0000CC020020B902002000800340C80200206D
:100D1000C2020020CA020020BA020020D70200202E
:100D20000848007800280BD1074855210170FC21A4
:100D30004170052181704022014602200FF04EBD16
:100D400070470000440200203C63002070B4002182
:100D500000202E4C225C1143401CC0B20828F9D35D
:100D60002A4B0125663B002231B19D770020225499
:100D7000401CC0B20828FAD300210120244C265C74
:100D80003143401CC0B21028F9D339B183F8215047
:100D900001202254401CC0B21028FAD300210120A7
:100DA0001A4C2A3C265C3143401CC0B20328F9D3BC
:100DB00031B1DD7701202254401CC0B20328FAD3A0
:100DC00012483238417811B183F820504270002126
:100DD00001200E4CA41F265C3143401CC0B20528E4
:100DE000F9D339B183F8225001202254401CC0B2FB
:100DF0000528FAD300200649AA310A54401CC0B283
:100E00008028FAD39A7270BC0EF0F8BAE60000207F
:100E1000801F0020114801218176032181720F4932
:100E2000407E31222A31012809D0022809D0042825
:100E30000AD008280BD010280CD04A7070474A708E
:100E40007047322048707047332048707047342014
:100E500048707047352048707047000044020020F9
:100E600003493020487001202A39887670470000F5
:100E70006E02002003490120887653202A314870F1
:100E80007047000044020020034901208876512069
:100E90002A314870704700004402002010B5024813
:100EA000FFF776FA10BD000008000020024940F666
:100EB000FF70C86370470000001002402DE9F05F2A
:100EC0000025AF48416E41F001014166AD4C17204D
:100ED0006061206820F001002060122010F005FB06
:100EE0000320606000F062F9A7498A684FF6FF703E
:100EF00002438A6048610020401C1028FCD3002473
:100F00004FF4AF68DFF88492A2460EF007FC9E48CB
:100F1000C0F808A0062C2BD2DFE804F0030A111851
:100F20001E24D9F8140040F48040C9F814001FE0D2
:100F3000D9F8140040F40050C9F8140018E0D9F8AA
:100F4000140040F48050C9F8140011E09048416941
:100F500041F0010141610BE08D48416941F002011E
:100F6000416105E0D9F8140040F40060C9F81400AC
:100F70000020401C2028FCD3DFF818B2DBF8000169
:100F800040F01000CBF80001DBF80C01C007FBD0EB
:100F90000320CBF80C0103F0F7F800F007F97A48CA
:100FA00082684FF6FF710A43826041610020401C55
:100FB0001028FCD3DBF824104FF4FA60814206D2EB
:100FC000DBF82410414502D9E7B200260125DBF801
:100FD0002010814206D2DBF82010414502D9E7B249
:100FE00001260125DBF83C10814206D2DBF83C10DB
:100FF000414502D9E7B202260125DBF838108142CB
:1010000006D2DBF83810414502D9E7B203260125A4
:10101000DBF81C10814206D2DBF81C10414502D9D6
:10102000E7B204260125DBF81810814206D2DBF86E
:101030001810414502D9E7B205260125DBF8141046
:10104000814206D2DBF81410414502D9E7B20626E8
:101050000125DBF81010814206D2DBF81010414563
:1010600002D9E7B207260125DBF80C10814206D22F
:10107000DBF80C10414502D9E7B208260125DBF860
:101080000810814206D2DBF80810414502D9E7B2C8
:1010900009260125DBF80410814206D2DBF8041092
:1010A000414502D9E7B20A260125DBF82810814222
:1010B00006D2DBF82810414502D9E7B20B260125FC
:1010C000DBF83410814206D2DBF83410414502D9F6
:1010D000E7B20C260125DBF83010814206D2DBF89E
:1010E0003010414502D9E7B20D260125DBF82C105E
:1010F000814206D2DBF82C00404502D9E7B20E2629
:10110000012510F0A9F983462348007880B1D9F869
:10111000040040070CD42148007810B920480FF093
:1011200067FD204880F800A000251F4901200870B5
:10113000012D03D01B48408858451AD01648007826
:10114000B8B9184D07EBC6006870DFF850B09BF8CF
:10115000000010B912480FF04BFD85F800A00025E3
:101160001149012008709BF80000022801D1FFF707
:1011700077FE641C072CFFF4C8AEBDE8F09F0000AA
:1011800000F00140087102400090034000700340ED
:1011900000A00340007002406902002044020020C9
:1011A000386F002034020020050000200248002192
:1011B000016041608160704720B2014030B401237A
:1011C000002805D0084A14780443147007480370B7
:1011D000002906D0064803700648017030BC10F0A4
:1011E00063B830BC70470000E60000209E0000207D
:1011F0008D00002089000020002806D0084A1378BE
:1012000083431370074A01201070002906D0064A54
:10121000002010700548017010F046B870470000BB
:10122000E60000209E0000208D00002089000020A4
:1012300010B50948007800280DD1084C617A207A51
:10124000814208D0064A1118105C4978FFF7D4FF94
:10125000207A801C207210BD9E000020FA00002021
:101260005A390020044A034B517A5854491C517290
:10127000704700005A390020FA00002010B50248DB
:10128000FFF7F9F910BD0000201F002010B502483B
:10129000FFF7F1F910BD0000641E002070B54FF09B
:1012A000FF35284610F021F901F0B6FD174C012654
:1012B0004C2010F0FCF8D4F8001211F4805F01D03B
:1012C000012100E000210029F2D14C2010F038F972
:1012D0000F48C07A012801D10E4806704FF48000F3
:1012E00001F02CFA01231A46194618460CF0DAF9D7
:1012F000002001F023FA01F0A7FC284610F0D7F8EF
:101300002846BDE8704010F01BB9000008E000E07E
:10131000386F00203402002072B6FEE710B5044694
:101320004CF2503000F0D8FA002801D101498C6508
:1013300010BD00000010600010B504464CF25030A3
:1013400000F0CAFA002810D108490A6822F0FF020A
:10135000D21D0A600A6822F4407202F580720A60A7
:101360004C600A6C42F001020A6410BD001060007B
:1013700010B504464CF2503000F0AEFA002810D1FF
:1013800008490A6822F0FF0209320A600A6822F45A
:10139000407202F580720A604C600A6C42F00102F1
:1013A0000A6410BD001060002DE9F04106460D46AC
:1013B0004FF4C0073C464CF2503000F08DFA002844
:1013C00022D1002215F8011B04F8011B521CD2B2D5
:1013D000082AF7D30D49012E07D13A68D20702D166
:1013E0003A68920701D50A4A8A600A6822F0FF0229
:1013F000521D0A600A6866F309220A6000224A60E8
:101400000A6C42F001020A64BDE8F081001060003D
:1014100086E98EAB70B506460D464FF4C0044CF21B
:10142000503000F059FA002818D1002215F8011B9D
:1014300004F8011B521CD2B2082AF7D308490A68E3
:1014400022F0FF02521D0A600A6866F309220A6050
:1014500001224A600A6C42F001020A6470BD000079
:10146000001060000022114901EB4021B1F5806FAE
:1014700005D30F4901EB4021B1F5767F02D201225D
:1014800000F003000B490B6823F0FF035B1C0B60AB
:101490000B6862F309230B600A6822F440620A6059
:1014A0004860086C40F00100086470470000C0FF0D
:1014B000D8FBBFFF001060000B490A6822F0FF0252
:1014C000521C0A600A6822F440720A600A6822F418
:1014D000406202F580620A60C0004860086C40F01B
:1014E00001000864704700000010600010B5044659
:1014F0004CF2503000F0F0F9002804D10249896D17
:1015000001F00101217010BD0010600070B50546AA
:101510004CF25036304600F0DFF9002815D10B4C64
:10152000206820F0FF00C01D2060206820F440707B
:101530002060206C40F001002064304600F0CCF9BF
:10154000002802D1E168090C297070BD001060000C
:1015500070B504464CF25035284600F0BDF900281D
:1015600016D10C48016821F0FF01093101600168C2
:1015700021F440710160016C41F0010101642846D1
:1015800000F0AAF9002803D14FF4C00109682160D6
:1015900070BD00000010600010B50022114600F080
:1015A00049F9002010BD10B502460021084600F0A0
:1015B00041F9002010BD10B500220146104600F090
:1015C00039F9002010BD00000A48016821F0FF0130
:1015D000491C0160016821F440710160016841F417
:1015E00040610160002141608160016C41F00101B6
:1015F000016470470010600073B54FF4C00201AB86
:101600000121002404E013F8015B02F8015B641C73
:101610008C42F8D3B0F5002F02D200F06BF80BE04B
:10162000A0F58002B2F5806F04D3064A0244B2F5F9
:10163000767F01D200F0A6F80348016C41F0010169
:1016400001647CBDD8FBBFFF001060007FB54FF484
:10165000C00202AB0821002404E013F8015B02F889
:10166000015B641C8C42F8D3B0F5002F02D200F06D
:1016700041F80BE0A0F58002B2F5806F04D3064A72
:101680000244B2F5767F01D200F07CF80348016C89
:1016900041F0010101647FBDD8FBBFFF0010600075
:1016A00073B54FF4C00201AB0221002404E013F82B
:1016B000015B02F8015B641C8C42F8D3B0F5002F8B
:1016C00002D200F017F80BE0A0F58002B2F5806FAF
:1016D00004D3064A0244B2F5767F01D200F052F8F4
:1016E0000348016C41F0010101647CBDD8FBBFFFE0
:1016F0000010600010B503230B4AB1F5007F10D035
:10170000C0F30804491E41EA44219160116863F363
:1017100007011160116821F440711160400A5060A6
:1017200010BD0223F2E700000010600070B54FF416
:10173000C0024FF40074002304E011F8015B02F8CA
:10174000015B5B1CA342F8D3B0F5002F03D2214606
:10175000FFF7D0FF0CE0A0F58001B1F5806F04D356
:1017600006490144B1F5767F02D2214600F00AF81D
:101770000348016C41F00101016470BDD8FBBFFF5B
:101780000010600030B50324134A4B1E8518134A1D
:10179000B5F5EC7F06D2A8B20821116043EA4020DB
:1017A000506030BDB1F5007F13D0C0F3080143EAAB
:1017B00041219160C0F30A00116864F307011160D0
:1017C000116821F4407101F580711160400A506088
:1017D00030BD0224EEE70000D8FBBFFF0010600020
:1017E00073B54FF4C00201AB0421002404E013F8E8
:1017F000015B02F8015B641C8C42F8D3B0F5002F4A
:1018000002D2FFF777FF0BE0A0F58002B2F5806F00
:1018100004D3064A0244B2F5767F01D2FFF7B2FF45
:101820000348016C41F0010101647CBDD8FBBFFF9E
:10183000001060002DE9F04705460F4690464FF432
:10184000C0044CF25039484600F046F8114E0620CC
:101850003060306C40F001003064484600F03CF8E5
:10186000002815D1B8F1000F03D0F168090EC8F8AF
:10187000001017B1F168090C3970002D08D0002153
:101880002960696014F8012B6A54491C0829F9D3AE
:10189000BDE8F0870010600070B504464CF250358A
:1018A000284600F019F80649042008604C60086CCE
:1018B00040F0010008642846BDE8704000F00CB814
:1018C000001060000248C068024980B2C8617047D9
:1018D00000106000BC65002070B50446124900206D
:1018E000C86100F045FC0546104E09E0601C07D0B9
:1018F00024B100F03DFC401BA04201D9012070BD85
:10190000B06CC007F2D1306DC00702D00120306545
:1019100008E0306D800705D5FFF7D4FF0220306561
:10192000012070BD002070BDBC650020001060006B
:1019300070B500201149124B40F6980240F26C74C9
:1019400031F810502D0403D423F8102021F8104052
:10195000401CC0B28028F3D34FF4807400234FF4AE
:1019600004422146064801F063FE2146BDE870406E
:1019700000234FF40542014801F05ABE3A360020D8
:101980003A3500202DE9F0414FF4007631463248D7
:10199000FEF77FFC00234FF402420C212F4801F098
:1019A00047FE00234FF4184210212B4801F040FE5F
:1019B00000234FF41A423146274801F039FE4FF414
:1019C0003A4700234FF416423146384601F030FEC4
:1019D00000234FF4304231464FF43C4001F028FEE2
:1019E00000234FF4364231461B4801F021FE00230C
:1019F0004FF438423146184801F01AFE00234FF4E4
:101A000032423146144801F013FE00234FF43442B1
:101A10003146114801F00CFE00244FF41C4505EB43
:101A20004422002331460C4801F002FE641CA4B29B
:101A3000092CF4D3324639460948FEF711FC3146E9
:101A40000848FEF726FC4FF480610748FEF721FCAA
:101A5000BDE8F0410DF03CBE824500200080000052
:101A60003A2500203A2700203A29002010B50248E4
:101A700000F012FB10BD00000070034010B50248DA
:101A800000F00AFB10BD00000080034010B50248C2
:101A900000F002FB10BD00000090034010B50248AA
:101AA00000F0FAFA10BD000000A0034010B50021BC
:101AB000094B084A1B8809E002EB41046478844220
:101AC00002D112F8110010BD491CC9B29942F3D3DA
:101AD000002010BD9E3C01008E3D01002DE9F05F0D
:101AE000044694F83D00002804D002202064012020
:101AF000BDE8F09FD4E900104FF4807202EB401271
:101B000001EB02084FF4827202EB401201EB020972
:101B1000A16809B1012200E00022A36BA56A5B0065
:101B200043EA8503656B43EAC503656A43EA4513E7
:101B300043EAC212236B42EA0322236A42EAC32227
:101B4000238B42EA0342A38942EA8352237C42EA7E
:101B5000036AC1F34002C1F30001D20142EA4131FC
:101B6000A28B41EA024194F82C2041EA026B67699A
:101B70008740012505FA00F61A48E0641A482065F6
:101B80001A486065A06D08B91948A065A16D204686
:101B90008847C8F800A0C9F800B02068416A41F041
:101BA000010141622068816AB14381622068816AD3
:101BB00039438162002222640E4B21680E4899420B
:101BC00005D1237901789D402943017004E02379F0
:101BD00041789D402943417010203C346070227050
:101BE000002085E7750600007306000071060000FE
:101BF000591C000000300540B403002070B50446B5
:101C000012492068124D88420CD1286DC00703D0BC
:101C1000286D20F0010028650B200FF03BFC0B2005
:101C20000FF052FC0B49206888420ED1286D8007C6
:101C300003D5286D20F00200286538200FF02AFC1B
:101C4000BDE8704038200FF03FBC70BD003005404B
:101C500000F001400040054070B504461948216875
:101C6000194E1A4D814210D1286DC00707D1286D39
:101C700040F001002865306840F0010030600B2022
:101C80000FF008FC0B200FF041FC11482168814245
:101C900016D1286D800707D4286D40F00200286512
:101CA000306840F00200306038200FF0F3FB07216D
:101CB00038200FF05FFCBDE8704038200FF026BCE4
:101CC00070BD00000030054010F8014000F00140F8
:101CD0000040054090F83C30012B09D0012380F8EA
:101CE0003C3005290FD2DFE801F0090B0D05070094
:101CF00002207047826506E0C26504E0C26402E02B
:101D0000026500E04265002180F83C100020704729
:101D10002DE9F047044689469246984649462046B2
:101D20000FF0C9FD002804D194F83D00102802D01E
:101D30000120BDE8F08794F83C00012836D001204E
:101D400084F83C00202084F83D0000232364C4F87C
:101D50004480D4E900054FF4827101EB4511461827
:101D60004FF4807101EB451147184FF48A7101EB74
:101D7000451101444FF4847202EB451202444FF4C2
:101D8000867C0CEB45152844C1F80080C2F8009011
:101D9000C0F800A0306820F007003060386840F0DC
:101DA0000100386084F83C300020C2E70220C0E720
:101DB000F0B590F83C20012A0ED0012280F83C209A
:101DC000104C114D114A124B124E062915D2DFE864
:101DD00001F0090B0D05070F0220F0BD84650CE032
:101DE000C5650AE0C26408E0036506E0466504E0F4
:101DF0008465C565C26403654665002180F83C10B2
:101E00000020F0BD591C0000FD1B000075060000FD
:101E1000730600007106000010B500F095FA00206E
:101E200010BD70B5044600F0A3F9054600E000BF00
:101E300000F09EF9401BA042F9D370BDFEB50446E8
:101E4000012021780646C9074FF0040527D000205D
:101E50000090019002906169A1F57F40FF3809D0A0
:101E6000C80801F0070101AA06FA01F1135C0B434F
:101E7000135404E0FF22082101A8FEF703FA00959D
:101E800069460120FFF790FA6068012810D001A987
:101E90000020FFF789FA69460120FFF7BBFA217895
:101EA000890713D5207EFF2807D08640009606E0DC
:101EB00001A90020FFF7AEFAEDE70F20009060685F
:101EC000012830D069460120FFF76EFA2178890693
:101ED0000BD5009569460120FFF766FA207FFFF7D2
:101EE000DBFC69460120FFF795FA217849070CD5FC
:101EF000009569460120FFF757FA94F82000FFF794
:101F00001BFA69460120FFF785FA2178090702D5F7
:101F1000606AFFF72DFA2178C90603D594F82800E6
:101F2000FFF7FCF9FEBD69460120FFF773FACDE724
:101F30002DE9F04104460E464CF250373846FFF783
:101F4000CBFC2168032908D01B4A02290CD0E16888
:101F5000926901EB5225E56027E0FFF735FB384633
:101F6000BDE8F041FFF7B8BC6168926901EB12353A
:101F700065600AE02846FFF79FFA3846FFF7ACFC99
:101F800010B13560BDE8F0816D1CD4E90121114428
:101F9000A942EFD8F6E72846FFF764FA3846FFF77C
:101FA0009BFC08B13560EDE76D1CD4E903211144B9
:101FB000A942F0D8E6E70000BC65002010B5044651
:101FC0000D20206004F10C00FFF7E6FA04F1180080
:101FD000FFF7F1FA04F11C00FFF7E5FA04F1200025
:101FE000FFF794FA04F12400FFF7B2FA04F1280095
:101FF000BDE81040FFF77ABA2DE9F0410646884661
:1020000014461D464CF250373846FFF765FC024631
:102010001248806940446AB97EB1012E11D0022E67
:1020200013D0032E15D02146FFF780FB3846FFF76B
:1020300053FC02461046BDE8F081E1B2FFF7DCFA3E
:10204000F4E7A1B2FFF72CFBF0E72146FFF7C8FB4E
:10205000ECE722462B46FFF7F9FAE7E7BC650020DC
:1020600010B5074C2078002808D0064800780028D2
:1020700004D105480EF0BCFD0020207010BD00000A
:102080003402002044020020386F0020826C8A4213
:1020900000D081640020704710B503465C6D986CD9
:1020A000012807D0186B2043186321461846FFF714
:1020B000D7FF10BD00211846FFF7E8FF186B20433B
:1020C000186301211846FFF7E1FFEEE770B51446EB
:1020D00091FAA1F1B1FA81F50FF0A4FCC0B2284445
:1020E0000C4900EB400001EB80000121A140826817
:1020F0000A4201D1012070BD01798C401F228A4023
:102100000368196891431960006821430160002049
:1021100070BD0000A457010010B504462078C00728
:1021200001D0606803E00F480068C0F3421050B16E
:1021300002280AD004280AD04FF6FF7021788907B8
:1021400008D5A1680BE00848F8E70848F6E700F072
:1021500019FCF3E703490839096801F00701C84091
:1021600010BD00000CF80140001BB700405DC60028
:1021700001484068704700007403002001488068EF
:10218000704700007403002010B50446607B2028CF
:1021900001D0002010BD2068C16821F00101C1609C
:1021A000204600F028F8002020616073207310BDE5
:1021B000407B704710B50446607B002803D00220A6
:1021C0002061012010BD20460FF0B8FB08B10120AE
:1021D00010BD204600F010F80120FFF722FE204637
:1021E0000FF0B9FB08B1012010BD002020612020B4
:1021F0006073002010BD70470648816EC90708D182
:10220000016E41F0010101660348016841F00101DE
:102210000160704700F0014014F8014010B5002142
:1022200000220261037B012B0AD001230373437B4D
:10223000202B07D00C21016101210273084610BD3B
:10224000022010BD046845F6B923A360F5E700003D
:1022500002484168027811444160704774030020CD
:1022600010B50F2000F022F800F004F800F06DF82F
:10227000002010BD00B58BB00A48006AC1010A48B1
:1022800003D54FF40051816101E0002181611020EC
:10229000009001208DF828006846FFF7CFFD0BB0B5
:1022A00000BD000000F00140BC6500202DE9F041B8
:1022B00004460DF0ADFA214D4FF47A712878B1FB48
:1022C000F0F01F490968B1FBF0F0401E4FF0000824
:1022D0004FF0FF36B0F1807F01D301200BE04FF0CB
:1022E000E02778610F2130460FF054F9C7F81880C5
:1022F00007203861002010B10120BDE8F081102CCA
:1023000019D210480068C0F30222C2F10700042865
:1023100000D90420111D072901D2002200E0D21E9D
:1023200001218140491E2140914030460FF032F991
:10233000AC600020E1E70120DFE70000740300202B
:10234000F41100200CED00E07047704711F0AAB9BD
:10235000084610F0ADBE000070B50D461748046881
:1023600000231A460421284605F049FE28070ED00E
:1023700005F00F0004EBC0000069026B002A1CD0BE
:10238000617A032919D12946BDE870401047606879
:10239000022812D100202072D4F8680828B1816A7E
:1023A00019B1627A032A00D18847607B002804D1E2
:1023B0002046BDE870400DF0A3BB70BD3004002086
:1023C00070B50D4619480468002600231A460221FC
:1023D000284605F014FE28070ED005F00F0004EB88
:1023E000C0000069426B002A1FD0617A03291CD10A
:1023F0002946BDE8704010476068032815D1802049
:102400002072D4F8680830B1C16A21B1627A032A17
:1024100001D188470646607B002806D1022E04D0F1
:102420002046BDE870400DF095BB70BD3004002023
:1024300070B50C4604F07F0202EB420100EBC105CF
:10244000204610F099FE204611F0BAF8002804D179
:1024500018212846FDF71DFF002070BD10B50C4661
:10246000204610F089FE2046BDE8104010F05EBE08
:1024700001F07F0101EB410100EBC10040697047B1
:10248000084610F0B7BE2DE9F0410E4617469846B3
:1024900006F07F0505EB450100EBC104E07800285C
:1024A00002D00220BDE8F08118212046FDF7F1FEA0
:1024B000F0096070C7F3C1222570C7F30A00A0605D
:1024C00084F804803B4641463046BDE8F04110F0B8
:1024D000CBBE70B50446154608461A4600F07F018B
:1024E00001EB410104EBC104E178002901D0022095
:1024F00070BD1AB10121E170E560226100266661BC
:102500002179012903D1A168914200D20A462946C6
:1025100010F03EFF0028EBD0E67070BD70B50246AB
:102520000D4605F07F0000EB400002EBC00428469A
:1025300010F022FE2079012801D1002020612846D8
:10254000BDE8704010F088BF70B5044615460846D7
:102550001A4600F07F0101EB410104EBC104E17870
:10256000002901D0022070BD1AB10121E170E5609F
:102570002261002666612179012903D1A168914277
:1025800000D20A46294610F099FF0028EBD0E670E9
:1025900070BD084611F032B810B505480468002334
:1025A0001A460421FF2005F02AFD0020607010BDAE
:1025B0003004002010B50446002C10D0DC21204649
:1025C000FDF767FE07480460204600F00DF811F0A3
:1025D00027F8002804D1BDE8104010F099BD012073
:1025E00010BD0000B003002010B50B48016841F099
:1025F000800101600948016E41F480510166016D5E
:1026000041F40071016500214D200EF0B3FFBDE8DB
:1026100010404D200EF07ABFECFB014000F001406D
:1026200010B50748046800231A460321FF2005F06F
:10263000E6FC20460EF0E2FA0120607010BD0000BA
:102640003004002010B50648046800231A46022111
:10265000FF2005F0D4FC2046BDE810400EF010BB72
:1026600030040020084611F027B8000070B5054678
:1026700014480468012255F8D83F1146002005F09F
:10268000BEFC28680168C4F858184068C4F85C08A3
:102690000020607394F85E0894F85F18084305D032
:1026A00094F8580800F08000207204E094F858185C
:1026B00080208843207204F658012046BDE870400F
:1026C0000EF0FCBB3004002010F008BD10B5064829
:1026D000046800231A460121FF2005F090FC2046E3
:1026E000BDE810400EF09ABD30040020084610F0FE
:1026F000E9BF0000014900200862704700F0014076
:102700000D484FF0FF710160816A41F00401816260
:10271000016A41F00401016230BF816A490703D5B3
:10272000816A21F004018162D0F8281121F48051DE
:10273000C0F828117047000000F0014030F0FF7130
:1027400001D00120704705494A6822F0FF724A60B3
:102750004A6802434A6000207047000000F00140D0
:102760002DE9F0478CB004462C22534901A8FDF70F
:1027700077FD002704B3514E306A40F0805030623C
:1027800020784FF00808800721D02046FFF7C4FCCE
:102790004B49B0FBF1F501A8FFF710FC0A98A842DD
:1027A00014D2CDF804800A9501A8FFF747FB28B1A1
:1027B00001200CB0BDE8F0870120FAE701A8FFF77F
:1027C000FDFB0A98A84202D00120F2E701272078F9
:1027D000C00716D0606818B93A49096889070AD550
:1027E000022803D138490968C90604D5042804D150
:1027F000316B890701D40120DBE7316B60F34711AE
:102800003163DFF8C090A9F10409D9F800002F491D
:10281000084321688A0703D520F00702A068104307
:102820004A0704D520F03800E26840EAC2000907F0
:1028300004D520F4E070216940EA8110C9F8000055
:102840000CF012FD2078C00715D0FFF791FC06466A
:10285000DFF870A00AF1040A06E0FFF789FC801B8C
:10286000642801D90320A4E7DAF800006168C0F306
:1028700042108842F1D187B1CDF804800A9501A8B1
:10288000FFF7DCFA08B1012093E701A8FFF796FBF8
:102890000A98A84201D001208BE700F09BF8D9F8F4
:1028A000001001F00701C84009490860FFF766FC05
:1028B000FFF7FCFC00207CE75057010000F00140CE
:1028C00040420F0008F801400CB101400000FA5AE4
:1028D000F411002000B500F021F803490968C1F3A4
:1028E0008211C84000BD000004F801400F210160C2
:1028F00009490968C1F342114160074908390A686A
:1029000002F0070282600A68C2F3C202C26009686C
:10291000C1F38211016170470CF8014000B500F06D
:1029200059F80349096801F00701C84000BD0000DB
:1029300004F801400721016010490A68C2F300123F
:10294000C2608968C1F3800181600D49096801F0A6
:10295000010141600A49091D0A6802F00102026191
:102960000A68C2F3001242610A68C2F30662826119
:102970000968C1F30121C1617047000008B101403D
:1029800008F801404FF0FF300F4B1968C90601D419
:102990000E4900E00E491A68C2F306624A431968FC
:1029A000C1F3012131B1012906D0022906D0032942
:1029B00007D105E0202004E0102002E0082000E01C
:1029C0000420B2FBF0F070470CF80140001BB70088
:1029D000405DC600002008490968C1F34211002982
:1029E00005D0022905D0042902D1FFF7CBBF034847
:1029F00070470348704700000CF80140001BB70007
:102A0000405DC6002DE9F0410446002C2BD0207813
:102A1000DFF8C481714D80074AD5E06830B3704E4D
:102A2000012211033046FFF751FB012251033046CA
:102A3000FFF74CFBD5F8080120F04000C5F808016D
:102A4000D5F8DC0320F030001030C5F8DC03D5F8F1
:102A5000080140F01000C5F80801FFF789FB0646A1
:102A60004FF4C87720E00120BDE8F081D8F80000DD
:102A7000C00703D0D8F80000C0060CD4D8F8000076
:102A8000C0F34210022806D0D5F8080120F010004B
:102A9000C5F808010CE00120E6E7FFF769FB801BA1
:102AA000B84201D90320DFE7D5F80C01C006F4D500
:102AB0002078400729D5484E6068361F38B1306805
:102AC00040F001003060FFF753FB07461AE0D8F8EA
:102AD0000000C00703D0D8F80000C00609D5D8F818
:102AE000000010F0E00F04D0306820F001003060EA
:102AF0000BE00120B8E7FFF73BFBC01B642801D9BE
:102B00000320B1E730688007F5D52078C00727D0CB
:102B1000A06878B1D5F8100120F00800C5F81001C0
:102B2000D5F8100140F00400C5F81001FFF720FBB4
:102B3000064611E005F58875286840F00800286011
:102B4000286820F0040028600AE0FFF711FB801BD2
:102B5000C82801D9032087E7D5F81001C006F4D5AD
:102B6000204D2069E0B1217D286B61F304102863BA
:102B7000217F286B61F309202863217E286B61F394
:102B80001E602863286B40F001002863286A20F04B
:102B9000805028620CF068FBFFF7EAFA044615E063
:102BA000D8F80000C0F34210042806D0286B20F0AB
:102BB000010028630CF058FB0BE0012054E7FFF7FD
:102BC000D7FA001B642801D903204DE7286B800742
:102BD000F5D5002048E700000CF8014000B00140A6
:102BE00000A0034000F0014010B5144803218163A8
:102BF00001630162012484645F200EF058FC5F20B1
:102C00000EF09EFC0E484FF4845181630162016313
:102C100084645E200EF04BFC5E200EF091FC0948AF
:102C2000210281630163016284645C200EF03FFC39
:102C3000BDE810405C200EF083BC00000070034033
:102C40000080034000A003404FF0E020016941F004
:102C500002010161704770B50446202084F84500E8
:102C60000120A06420680025856084F84550204636
:102C700000F05CF8606D48B185640021606DFFF77D
:102C800097F80121606DFFF793F86565A06D48B175
:102C900085640021A06DFFF78BF80121A06DFFF77F
:102CA00087F8A56584F84450002070BD10B504462F
:102CB0000020E06494F8451084F84400204600F0B9
:102CC00057F8606D50B18464144A0021606DFFF7BD
:102CD00001F8134A0121606DFEF7FCFFA06D50B1B1
:102CE0008464104A0021A06DFEF7F4FF0E4A012112
:102CF000A06DFEF7EFFF20460EF026FFE064E06CCB
:102D000008B1012010BD2068816841F00101816097
:102D1000102084F84500002010BD0000E11D0100D6
:102D2000F31D0100251B0100371B010010B50068D1
:102D30000C49884215D10C48416E490703D5416EB4
:102D400021F00401416624200EF0A4FB24200EF0A3
:102D5000BBFBBDE8104000224FF400410348FFF7E1
:102D6000B5B910BD00B0024000F001400080034042
:102D700010B500680F4988421BD1022291030E480A
:102D8000FFF7A4F90D48416E490708D4416E41F0A0
:102D9000040141660A48016841F0040101602420F1
:102DA0000EF078FB24200EF0B1FB0749054848657A
:102DB000816410BD00B002400080034000F001407B
:102DC00018F80140641E0020C41E002038B50446D7
:102DD00094F84500C00601D4012038BD94F84500A0
:102DE000C043800601D4022038BD94F84400012875
:102DF00010D0012084F84400212084F845000025EB
:102E0000E56413460022204600950EF035FE84F856
:102E1000445038BD022038BD4FF0E020016921F058
:102E2000020101617047704770470022C2628269E7
:102E30004800032181400A40C2409007800E70473D
:102E400070B504462A4D94F83000285C410703D43D
:102E5000E16809B1012070BD000703D4A06808B182
:102E6000012070BD207C18B10220E062012070BDFD
:102E700094F82900012838D0012084F82900204640
:102E800000F038F8202020742068016841F0020129
:102E9000016094F83000285C400704D5E26820689F
:102EA00041EA0211016094F83000285C00070BD55C
:102EB0002068A268016911430161A06820B12068FF
:102EC000816A41F008018162D4E900108860002520
:102ED000E5621020207420460FF0B0F90F206061E9
:102EE000E56284F82950002070BD022070BD00000A
:102EF000B25B010070B5044613482168134E144DAF
:102F0000814210D1686E800507D4686E40F400706D
:102F10006866306840F40070306018200EF0BAFA2D
:102F200018200EF0F3FA0B48216881420AD1686E2E
:102F3000400507D4686E40F480606866306840F4ED
:102F40008060306070BD00000000024018F8014051
:102F500000F00140001002402DE9F04105460E4608
:102F600014460027EF62287C102802D00120BDE81B
:102F7000F08195F8300000EB800101EBC00234498C
:102F800001EB420131F814108A070BD0304AEA32C3
:102F9000105C000708D53068012805D0A86818B172
:102FA0000120E4E70120E2E73068012803D0880728
:102FB00001D40120DBE795F82900012816D04FF055
:102FC000010885F829802246314628460EF0A2FBEA
:102FD0003268E0080F26A4F1080105EB8000012A01
:102FE00007D0C269082C1BD223461AE04FF002001A
:102FF000BDE7C269082C01D2234600E00B464FEA28
:10300000830306FA03F622EA0602C26100D22146D1
:103010004FEA810108FA01F842EA0802C26112E0AF
:103020000B464FEA830306FA03F622EA0602C26160
:1030300000D221464FEA81034FF0020101FA03F169
:1030400042EA0102C26185F829704FF000008EE764
:10305000C85A01002DE9F041374C6078401CC0B2DD
:103060006070A178491CA170E178491CE170217958
:10307000491C21716179491C6171A179491CA171B7
:10308000E189491CE1812D4E0025022808D10AF072
:10309000A1FE65703078062800D008B90FF098FDC1
:1030A000A078052805D1A5703078052801D10FF04A
:1030B0008FFDE0780A280BD1E57003F077FE03F06E
:1030C00091FF0EF0DDF93078042801D10FF080FD7A
:1030D00020790127142817D1257127720122802118
:1030E0001748FDF7CFF80BF01DFA0BF029FEFDF79E
:1030F0000FFCFDF795FC0EF09DF90FF091FA30787A
:10310000032801D10FF006FD6079282806D16571EA
:1031100067723078022801D10FF0FCFCE089B0F52D
:10312000FA6F07D110F0F8FAE581A772BDE8F04117
:1031300001F030B9BDE8F0816C0000207003002080
:10314000DA38002001220EF0ADBE0EF07DBF7047D0
:10315000BFF34F8F05480168054A01F4E061114350
:103160000160BFF34F8F00BFFDE700000CED00E0F2
:103170000400FA0510B50CF0D1FA5E485C49816094
:1031800081615D48416E41F0010141665B48016823
:1031900021F4E07140310160594C206840F0010099
:1031A000206064200EF078F80520E061606820F06F
:1031B00000406060606820F4405000F5805060601E
:1031C000A4F580744F48017819B901210170FDF709
:1031D0002FFB04F58074206820F4F81000F58010AF
:1031E0002060206820F4706000F580702060206A04
:1031F00020F01F000A302062206A20F4F85000F509
:1032000030602062206A20F4F81000F5102020625F
:10321000206A20F0F85000F100602062606A20F01F
:103220001F000F306062606A20F4F85000F56060A3
:103230006062606A20F4F81000F5E0206062606A65
:1032400020F0F85000F1C0606062A06A20F01F001A
:10325000401DA062A06A20F4F85000F58060A062D2
:10326000A06A20F4F81000F54030A062A06A20F0B7
:10327000F85000F10070A062E06A20F01F00401CCE
:10328000E062E06A20F4F850E062E06A20F4F810AE
:1032900000F55020E062E06A20F0F85000F1406054
:1032A000E062206B20F01F0010302063206B20F4C0
:1032B000F85000F588502063A06840F00100A0603D
:1032C00012200EF030F9A06840F00100A0600E4915
:1032D0003020087012200EF026F900F055FF0B4840
:1032E000007802F053F9206840F01000206010BD13
:1032F0000000FFFF0090034000F0014004F801408F
:10330000007102406400002012E400E0320200205C
:10331000F8B5434D95F82D0000287DD005F17006D5
:103320003068401C30607168884278D305F15807D6
:10333000E96D388811F8202001EB800041780024E5
:10334000346002EB01217160C1788DF80010807843
:103350008DF8010000220B0600D5012201F070015A
:103360008DF800102E4B4FF0010C6033102904D063
:10337000202913D0302913D01BE085F822C0012169
:103380005C54491C89B20529FAD31AB15978014312
:1033900059700EE05978814359700AE0187108E0BD
:1033A00068726C730AB185F80DC000F053F80DF027
:1033B0007BFF3888401C80B23880798888422ED3C1
:1033C00095F82B0010B1012806D014E085F82D40A7
:1033D000BDE8F84000F026B8114936310878401CA5
:1033E000C0B208704978884205D385F82D40BDE801
:1033F000F84000F017B895F82A00800000F510405A
:10340000D0F8000C00F51C4034600A2171603C804B
:1034100030F8041B490800E001E07980E865F8BD58
:10342000800000202DE9F0410024084D084E0027BF
:10343000285D20B1707277732F550DF035FF641C35
:10344000E4B2802CF4D3BDE8F0810000AA21002072
:103450008000002030B500210C4B00240C4A5D7B1D
:10346000012D08D1D9785054491CC8B2D870802891
:1034700000D3DC7030BD535C834201D1545430BD65
:10348000491CC9B28029F6D330BD0000800000205D
:10349000AA210020704700000448816841F0100113
:1034A0008160416941F01001416170470080034033
:1034B0000448816841F010018160016941F0100108
:1034C000016170470080034070B5154C002594F8E9
:1034D0003000012801D0257170BD94F82F0000281C
:1034E000FAD0401EC0B284F82F000028F4D10C4856
:1034F00021793F30405C20B16072012060730DF093
:10350000D3FE2079401CC0B220710A2184F82F100C
:103510000228E1D9257184F8305084F82F5070BD0D
:103520008000002070B50D4D288F002815D0401E5A
:1035300080B22887002810D105F13F0420786872F6
:1035400000266E730DF0B0FE26706078002804D05F
:1035500068726E730DF0A8FE667070BD800000206A
:1035600002494FF4FA70088770470000800000207D
:10357000F0B52349214D234C09786427247B35F885
:10358000112005F580734FF4967C002A08D00026A0
:10359000824213D17CB123F811C04FF00000F0BD7E
:1035A00025F8110024B123F811C04FF00100F0BD3F
:1035B00023F81170F9E723F81170EEE707D8A0EBB4
:1035C00002040A2C03DB25F811600120F0BD8242C1
:1035D00006D3101A0A2803DB25F811600120F0BD7C
:1035E00033F81100401E80B223F8110008B100200A
:1035F000F0BD25F811600120F0BD000082420020DE
:1036000088000020FA00002010B5074B074A33F865
:103610001010528AC1F30E04944204D301F4004105
:10362000114323F8101010BD3A360020FA00002094
:103630002DE9F04786B081460F46154600260096D4
:103640003946284600F072F800282CD03448FEF79E
:10365000E5FDE819401E6C0A420A6402281B52026A
:10366000304D4FF40071944220D11FFA80F80020B1
:10367000225C2A54401C80B28842F9D30196600A29
:10368000049001200590694601A8FEF751FC05EB66
:1036900008003A464946FCF7E3FD2A460023214646
:1036A0000420FEF7A9FC06B0BDE8F0871FFA80F8F9
:1036B0000020225C2A54401C80B28842F9D30020AA
:1036C000DFF864A0221892F800220AF80020401CBB
:1036D00080B28842F6D30196600A049002200590D9
:1036E000694601A8FEF724FCC8F50072164605EBF2
:1036F00008004946FCF7B4FDBA1B09F102010A486B
:10370000FCF7AEFD2A46002321460420FEF774FC98
:103710005246002304F500710420FEF76DFCC2E759
:103720005000002079590020795B002001444FF4BB
:103730000242012070470000892800D200E0A0E189
:10374000810000BF794449688F44000036030000BF
:1037500024020000280200002C02000030020000B9
:1037600034020000380200003C0200004002000069
:1037700044020000480200004C0200005002000019
:1037800054020000580200005C02000060020000C9
:1037900064020000680200006C0200007002000079
:1037A00074020000780200007C0200008002000029
:1037B00084020000880200008C02000090020000D9
:1037C0009402000098020000360300009C020000F2
:1037D000A00200003603000036030000360300009C
:1037E0003603000036030000A40200003603000088
:1037F000A8020000AC020000B0020000B402000009
:1038000036030000B8020000360300003603000053
:10381000BC02000036030000C0020000C402000029
:10382000C802000036030000360300003603000023
:1038300036030000CC020000D0020000D4020000D9
:10384000D8020000DC020000E002000036030000A5
:103850003603000036030000360300003603000084
:103860003603000036030000EC020000F202000004
:1038700036030000E4020000E80200003603000006
:103880003603000016030000360300002603000084
:103890002A03000036030000360300000203000084
:1038A0000803000036030000320300001E0300007E
:1038B0000E030000360300002E0300003603000054
:1038C0003603000036030000360300003603000014
:1038D00012030000F8020000FE02000036030000A0
:1038E0001A03000036030000360300003603000010
:1038F00036030000360300003603000036030000E4
:1039000036030000360300003603000036030000D3
:1039100036030000360300003603000036030000C3
:1039200036030000360300003603000036030000B3
:1039300036030000360300003603000036030000A3
:103940003603000036030000360300003603000093
:103950003603000036030000360300003603000083
:103960003603000036030000360300002203000087
:1039700003F008B802F0F2BB02F02CBC02F066BC07
:1039800003F01AB802F0F0BA02F0CEBB03F00EB9A1
:1039900002F008BF02F0AEBB02F046BE02F048BD26
:1039A00002F016BD02F078BD02F0DEBD02F00CBEE2
:1039B00002F0C4BD02F0F2BA03F0A6B803F00EB9EB
:1039C00003F0BAB803F0D4B802F06ABB02F026BB29
:1039D00002F00ABB02F04ABB02F084BF02F068BFEB
:1039E00002F040BF02F070BC02F086BD02F0A4BA43
:1039F00002F09ABC03F028B803F028B803F029B805
:103A000003F026B803F04EB802F0DCBA02F00CBEA8
:103A100002F054BE03F060B802F06EBC03F01AB8B6
:103A200003F013B802F004BF03F011B802F084BD34
:103A300002F01ABBFFF72EBD012002F07BBF02206F
:103A400002F078BF032002F075BF02F06FBC0020C7
:103A500002F0BDBC012002F0BABC02F0B7BC02F01B
:103A600061BB02F049BD02F045BA03F01DB802F097
:103A700081BE02F05FBE02F0EFBF02F0BBBE02F0FB
:103A8000C9BF70470148807B70470000FA000020E2
:103A900070B5054600242846214600F005F8641C50
:103AA000E4B2102CF7D370BD2DE9F04F87B000EBD6
:103AB000C102D2B2FE4D2A70FE4FD3083B70DFF830
:103AC000F88302F0070388F80030FC4B03EB40104A
:103AD00030F81100FA498C5CFA4E7D2C7ED04FF400
:103AE0007A71DFF8E493884202D2A9F8121011E04B
:103AF000F64A00EE100A04EB440102EBC101B8EEF5
:103B0000400A084603F086F8BCEEC00A10EE100A20
:103B1000A9F81200EC48EE4A418AE548007822F8FC
:103B20001010A2F5B45212F824200392E94D327815
:103B300040F6980AA5F580790692BAB335F81020B8
:103B400005F5247E12040FD43B78DFF88CC398F877
:103B500000B01EF803201CF80BC012EA0C0F03D1B2
:103B600042EA0C020EF803203B78DFF86CC398F8A9
:103B700000B01EF803201CF80BC012EA0C0F0FD186
:103B800039F810B0ABF1640B8B4509DD29F810A0B2
:103B900040F26C7B25F810B042EA0C020EF80320CC
:103BA00039F810208A4202D229F810100AE035F8BC
:103BB0001020C2F30E038B4204D302F400420A43E6
:103BC00025F81020DFF800B39BF80D1049B10699D5
:103BD000012906D0C149097819B100E034E2FFF7A4
:103BE00013FDB349B84B08785B8A39F810200A3ABC
:103BF0009A422ADABA4A3B7898F800C0D35CB64AAF
:103C000012F80C20134220D13278012A1DD0039AD9
:103C10000C2A1AD0AC4E7179884213D10820308218
:103C2000B048007800280DD022200021CDE90010F6
:103C3000A7482A8AB9F81010038A2046FCF7D8FF53
:103C40000120F07107B0BDE8F08FA74A12F83420C8
:103C500002B90122A54B13F804C0944506D01A55A9
:103C600029F810A040F26C7325F810304FF4A57AB3
:103C700040F28F134FF4AA7C082A16D2DFE802F034
:103C800015040B0D0F080612994A0FE0994A0DE032
:103C9000E246994A0AE0994A08E0994A06E0E24673
:103CA000984A03E0E246984A00E0924ADFF830B2D0
:103CB0000BF1600B3BF810C0BCF1000F03D139F8D9
:103CC00010C02BF810C0DFF808C23BF810103CF809
:103CD00010C08C4502D9ACEB010101E0A1EB0C0155
:103CE00089B2DFF828E23EF810E012F80EE08E45C7
:103CF00001D803290BD203990C2908D03178012966
:103D00002DD17A498031095D01299BD027E02BF81C
:103D100010C039F81010DFF8F8B10839ABF800100E
:103D200001211AE0DFF8E8E1A1F1010B3EF81BB038
:103D300002EB010E1EF801ECABEB0E0BDFF8D0E14D
:103D40001FFA8BFB2EF811B0DC4504D9AEF53862B2
:103D500022F8101003E0491C89B29942E2D36D4B5E
:103D6000DFF84CC1AAF11E0233F81010914207DDB2
:103D700032782AB135F8102042F4004225F810209C
:103D8000654A514501D222F810A032F810B05945C9
:103D900006D322F81010DFF884B101220BF80020BE
:103DA000E3460846FFF7E4FB40B15A499BF80000A0
:103DB00031F81020554921F8102006E053499BF8AE
:103DC000000031F8102021F810209BF800004F4926
:103DD000DFF8F4B031F81010BBF81030994201D37D
:103DE0008BF805004B4931F810108E46C8290ED9C2
:103DF0004B4A39780591384B525C98F800105B5C5F
:103E00001A4204D196F800C0BCF1000F12D0BEF1E6
:103E1000C80F42D2424A397804912F4B525C98F82D
:103E200000105B5C1A4238D096F800C0BCF1000F5D
:103E300019D032E0DFF8E8C01A436346DDF814C059
:103E400003F80C20204A1432535C5B1C53549BF83B
:103E50000610491CC9B28BF8061001291DD9012191
:103E60008BF80B1019E0DFF8B8C09A436346DDF811
:103E700010C003F80C20144B14335A5C0AB1521EC4
:103E80005A549BF8061011B1491E8BF806109BF886
:103E9000061011B900218BF80B10BBF8122040F26C
:103EA0006C718A424AD29BF80D10D9B331783AE04E
:103EB0008800002087000020860000202A220020A1
:103EC000903A01006C030020FA000020001200204C
:103ED000BA3B00203A360020203C0100B802002006
:103EE0005A3A00206D0300203A290020DA400020D1
:103EF0008A3E0100FA41010042400100E443010012
:103F00009C450100544701000C4901003A3400204F
:103F1000BA3C00203A310020DA3F0020F241002074
:103F20000A2400200AE049B939784E4A4E4F98F8E1
:103F300000C0535C17F80C703B4353544B4F9BF835
:103F4000052037F81210ABF81010DFF8248198F82C
:103F50000030ABB10A2913D9904211D12222CDE908
:103F600000E207F5F06135F8102031F8103039F82B
:103F700010102046FCF73CFE01208BF8070015E0EE
:103F8000A3B1904212D10A2910D822210022CDE9F2
:103F90000021384935F8102031F8103039F8101068
:103FA0002046FCF725FE01208BF807009BF8051042
:103FB00037F81100ABF810000A281DD92E4B1A78DB
:103FC0008A4219D1514601F00DFE98F8000098B1CF
:103FD0002A4A1878222132F81020CDE900212549FB
:103FE00035F8102031F8103039F810102046FCF761
:103FF000FFFD01208BF807003078D0B19BF8070057
:10400000B8B91F48005DA0B91B481C49222200789E
:1040100031F81010CDE90012164935F8102031F8AA
:10402000103039F810102046FCF7E2FD01208BF823
:1040300007009BF80A00542806D180211048FCF79D
:1040400028F900208BF80A00307800287FF4FAADB8
:104050000C48007800283FF4F5AD07B0BDE8F04FFC
:1040600000F0CCB972420020203C01003A3400201C
:104070006D030020BA3B0020880000203A31002068
:104080005A410020B802002030B505460123002225
:1040900000201D4203D0521CD2B28A4206D05B06D9
:1040A0001B0E401CC0B20828F3D3012030BD000015
:1040B00030B40E490020887108700D4B01241A5C41
:1040C0002AB18D7904FA00F22A438A7106E00628A3
:1040D00004D20D7804FA00F22A430A70401CC0B2E0
:1040E0000828ECD330BC00F005B800000000002028
:1040F0000E01002070B50C4A0020D07150709579E7
:104100001378012606FA00F1294202D0D479641C02
:10411000D471194202D05178491C5170401CC0B270
:104120000828EFD370BD00000000002010B5124A2F
:10413000002090606FF030019161411ED1610F4A03
:10414000082393606FF020039361D1610C4A906063
:104150000B049361D1610B4988606FF40070886132
:10416000C86103F047F900F00FF8FFF795F9BDE8D3
:104170001040FFF79DB9000000700340008003402D
:104180000090034000A0034010B50C4B986840F429
:10419000784098600A48816881600A498A688A6024
:1041A000094A946844F0030494604FF478441C6115
:1041B000002303610B610320106110BD00700340F8
:1041C000008003400090034000A003402DE9F05F11
:1041D0000BF07EFB0BF0B0FA0EF0F8FEFFF7A6FF37
:1041E00001F08AFC09F0C2FDC820FDF71AFE01F0BB
:1041F00059FE01F06BFE0024DFF8D490354DDFF856
:10420000D8A0DFF8D8B0364E364FDFF8DC8004EBAC
:10421000440009EBC00002F021FDE00000F5304051
:1042200090F800162955295D09B901212955610029
:1042300001F50041B1F800242AF81420B1F8001566
:104240002BF81410A1000A4601F5104191F8003630
:1042500006F8243091F801C606EB840383F801C008
:1042600091F802C683F802C091F80316D97002F5DE
:104270003042117807F82410517807EB8403597005
:1042800091789970D178D97000F5C060017808F8FC
:104290003410427808EBC4014A7082788A70C27880
:1042A000CA7002790A7142794A7182798A71C07939
:1042B000C871641CE4B2802CA9D348F20D200078A8
:1042C0000A4908700BF074F9BDE8F05F0BF000BA12
:1042D00000120020DA4000203A3500203A36002053
:1042E0003A2500203A2700203A290020A800002083
:1042F000FFF7D2B870B5CA7802EB82025200104CB8
:10430000104B657B012D10D033F8105000227DB189
:1043100023F8102088786072012060730CF0C4FFCD
:10432000607ABDE8704000F057B823F8102070BDE7
:10433000487860726273BDE870400CF0B5BF000051
:1043400080000020AA2000202DE9F04100240F4D1C
:104350000F4E012735F8140088B1401E80B225F8B1
:10436000140060B9A00000F5104090F8001609296B
:1043700005D190F80106707277730CF095FF641CFC
:10438000E4B2802CE6D3BDE8F0810000AA20002032
:10439000800000202DE9F0410D4CA07F002815D1B0
:1043A0000C4E002706F17F050CE0017821B1617207
:1043B000077067730CF078FFE06C401CE064A84263
:1043C00000D9E664616CE06C8842EED1BDE8F08112
:1043D00080000020901F0020054A516C01F8010B5D
:1043E00051640448814201D97F385064704700000D
:1043F000800000200F200020704700002DE9F04FC2
:1044000093B00024FE48FF490278D0080870FE49A6
:1044100002F007030B70FD4911F802A0FC4981F876
:1044200000A0CDF848A0FB498F5CBAF1000F7DD009
:104430007D2F7BD0F84911F82760ADF8106001EBB3
:1044400087014E78ADF812608E78ADF81460C978A7
:10445000ADF81610F14901EBC7018E7891F803C051
:1044600006EB0C26ADF818600E7991F805C006EB46
:104470000C26ADF81A608E7991F807C006EB0C2671
:10448000ADF81C6049780091E549096841B1C8213F
:10449000ADF818100021ADF81A10ADF81C100091FD
:1044A000E04991F800C0BDF8181011B99621ADF897
:1044B0001810DD494FF4A5764FF0140B31F81210A7
:1044C000B1420DD3BDF81A506D1E132D01D2ADF8B7
:1044D0001AB0BDF81C506D1E132D01D2ADF81CB0E2
:1044E00079B9BDF81A506D1E092D02D20A25ADF812
:1044F0001A50BDF81C506D1E092D02D20A25ADF8C8
:104500001C50CA4DED7A7DB1BDF81A504FF0060827
:104510006D1E052D01D2ADF81A80BDF81C506D1E20
:10452000052D01D2ADF81C80C14D00E02AE12D78A7
:104530007DB1B1420DD3BDF81A60AE4202D20EB1C8
:10454000ADF81A50BDF81C60AE4202D20EB1ADF803
:104550001C50BDF81060DFF8DC92DFF8DC82B74D4C
:1045600026B9BDF818E0BEF1000F02D0082E24D005
:1045700026E096290FD318F80020EF5C3A420AD1C2
:10458000A34981F800A0012189F800103A4308F8F6
:104590000020012473E19629FCD818F80010EA5C89
:1045A0001142F7D09A4B83F800A0002389F800301D
:1045B000914308F80010012461E1BCF1000F5ED0C6
:1045C0000C2EE7D01E291FD2DFF86CA20AF1100AC8
:1045D0001AF800B015F803A05BEA0A0E07D0DFF85E
:1045E00058E22BEA0A0B0EF1100E0EF800B0DFF8BD
:1045F00050B21BF800B05BEA0A0E05D0DFF840E2CB
:104600002BEA0A0B0EF800B0BDF818A0DFF834B2A0
:10461000CDF824A051459BF800B0CDF820B07DD353
:10462000DDF820A05145FAD31E29F8D318F800B0C0
:1046300015F803A01BEA0A0F70D1DFF804E21EF898
:1046400000E01EEA0A0FF7D14BEA0A0B08F800B0A7
:104650000124A34689F800B07B4F27F81210BDF85B
:104660001A703FB1744F103717F8009049EA0A09E1
:1046700007F80090DFF8B49189F800B06BE3734A53
:104680001278002A7ED1BDF81220120102F53242C2
:10469000177807EB87074FEA4708ADF81880577877
:1046A00007EB87077F00ADF81A7092F802C00CEB99
:1046B0008C0C4FEA4C0CADF81CC092F8039009EB3F
:1046C00089094FEA4909ADF81E9092F804908DF8D7
:1046D000049092F805908DF8059092F806908DF868
:1046E000069092F807908DF8079092F808908DF850
:1046F000089092F809908DF8099092F80A908DF838
:104700000A9092F80B908DF80B9092F80C908DF81F
:104710000C9092F80D908DF80D9000E0FCE292F86C
:104720000E908DF80E90D27B8DF80F20B8F10A0F05
:1047300008D8ADF818B0ADF81EB0142F00D828274F
:10474000ADF81A70BDF81A20944503D3A2F10A07F8
:10475000ADF81C70BDF81870DFF8DC90B94209F1B3
:1047600030094CD919F8007015F803C017EA0C0F7E
:1047700045D147EA0C0709F800709DF80C5015F078
:10478000110F00E0D2E311D09DF804709DF80510E0
:104790003846FCF713FD9DF80C10C90706D03846C3
:1047A000FCF760FD9DF80500FCF75CFD15F0220F9D
:1047B00011D09DF806709DF807103846FCF7FEFCF6
:1047C0009DF80C10890706D53846FCF74BFD9DF87F
:1047D0000700FCF747FD15F0440F3BD09DF808702B
:1047E0009DF809103846FCF7E9FC9DF80C104907C4
:1047F00030D53846FCF736FD9DF8090028E03FE04B
:10480000880000208700002086000020383B01003F
:1048100089000020903A01003A2500203A29002022
:104820003C0200208C0000203A340020FA000020D6
:10483000720300208D0000205A3A0020203C010025
:10484000BA380020710300203A3200209E00002078
:10485000FCF708FD15F0880F11D09DF80A509DF85F
:104860000B102846FCF7AAFC9DF80C10090706D58A
:104870002846FCF7F7FC9DF80B00FCF7F3FC45E33A
:10488000DFF878849142A8F110077DD317F800C0B3
:10489000EA5CDFF86CB41CEA020F75D1DE4619F849
:1048A00000A0DFF860B41AEA020F6DD04CEA020CE7
:1048B000F146DA4607F800C09DF80C50E80605D529
:1048C0009DF805109DF80400FCF796FC9DF80D700E
:1048D00017F0110F11D09DF804B09DF8051058463F
:1048E000FCF76CFC9DF80D00C00706D05846FCF79D
:1048F000B9FC9DF80500FCF7B5FC9DF80EB05FEA29
:10490000CB600FD599F800009AF8002018F8001035
:10491000FD48805C014205D09DF805109DF804001B
:10492000FCF76AFCA80605D59DF807109DF806005F
:10493000FCF762FC17F0220F11D09DF806009DF8DD
:1049400007101190FCF73AFC9DF80D00800706D582
:104950001198FCF787FC9DF80700FCF783FC5FEAE1
:104960008B600FD599F800009AF8002018F8001015
:10497000E548805C014205D09DF807109DF80600CF
:10498000FCF73AFC680600E05FE005D59DF80910E9
:104990009DF80800FCF730FC17F0440F11D09DF88B
:1049A00008009DF809101090FCF708FC9DF80D0018
:1049B000400706D51098FCF755FC9DF80900FCF758
:1049C00051FC5FEA4B600FD599F80000CE499AF888
:1049D000002018F80000895C084205D09DF80910F5
:1049E0009DF80800FCF708FC280605D59DF80B107B
:1049F0009DF80A00FCF700FC17F0880F11D09DF815
:104A00000A509DF80B102846FCF7D8FB9DF80D00C6
:104A1000000706D52846FCF725FC9DF80B00FCF79F
:104A200021FC5FEA0B600FD599F80000B6499AF8AF
:104A3000002018F80000895C084205D09DF80B1092
:104A40009DF80A00FCF7D8FB60E2BDF81C209142FB
:104A50007ED817F800C0EA5C1CEA020F78D02CEA76
:104A6000020C07F800C018F80010114308F80010F5
:104A70009DF80D50E80605D59DF805109DF8040039
:104A8000FCF7BAFB9DF80E7017F0110F11D09DF8CE
:104A900004809DF805104046FCF790FB9DF80E1031
:104AA000C90706D04046FCF7DDFB9DF80500FCF782
:104AB000D9FBA80605D59DF807109DF80600FCF760
:104AC0009BFB17F0220F11D09DF806809DF8071070
:104AD0004046FCF773FB9DF80E10890706D540464B
:104AE000FCF7C0FB9DF80700FCF7BCFB680605D58A
:104AF0009DF809109DF80800FCF77EFB17F0440FA5
:104B000011D09DF808809DF809104046FCF756FB2F
:104B10009DF80E10490706D54046FCF7A3FB9DF80B
:104B20000900FCF79FFB280605D59DF80B109DF8A2
:104B30000A00FCF761FB17F0880F85D09DF80A503A
:104B40009DF80B102846FCF739FB9DF80E1000E08D
:104B500009E0090706D52846FCF784FB9DF80B0001
:104B6000FCF780FBD2E1BDF81E209142FAD26349E6
:104B70002039085CE95C0842F4D09DF80E905FEAA9
:104B8000C96005D59DF805109DF80400FCF734FBBD
:104B90009DF80CA05FEACA600DD5594859490078C4
:104BA0000978385C695C084205D19DF805109DF8CC
:104BB0000400FCF721FB9DF80FB05FEACB700DD02D
:104BC0009DF805109DF804000F910E90FCF7F6FA81
:104BD0000E98FCF747FB0F98FCF744FB5FEA8960EF
:104BE00005D59DF807109DF80600FCF705FB5FEA68
:104BF0008A600DD54248434900780978385C695C81
:104C0000084205D19DF807109DF80600FCF7F4FA5C
:104C10005FEA8B700DD59DF807109DF806000D9189
:104C20000C90FCF7CBFA0C98FCF71CFB0D98FCF7EA
:104C300019FB5FEA496005D59DF809109DF8080049
:104C4000FCF7DAFA5FEA4A600DD52D482D49007865
:104C50000978385C695C084205D19DF809109DF817
:104C60000800FCF7C9FA5FEA4B700DD59DF80910F2
:104C70009DF808000B910A90FCF7A0FA0A98FCF73F
:104C8000F1FA0B98FCF7EEFA5FEA096005D59DF89A
:104C90000B109DF80A00FCF7AFFA5FEA0A600DD529
:104CA00017480078395C17480078285C014205D124
:104CB0009DF80B109DF80A00FCF79EFA5FEA0B7056
:104CC0000DD59DF80B109DF80A0089468246FCF729
:104CD00075FA5046FCF7C6FA4846FCF7C3FA08488E
:104CE0000849064B00780978203B1A5C695C8A43C6
:104CF0001A543A5C8A433A5408E00000AA3A002069
:104D00008700002086000020203C010018F80020C9
:104D10008A4308F80020F9E01E291DD218F800B0D7
:104D200015F803A01BEA0A0F16D02BEA0A0B08F8A5
:104D300000B0804C275C27EA0A072754A4F5D874F2
:104D4000275C27EA0A0727540124002789F8007006
:104D5000794F27F81210A3E04FF00A0BDDF824A0DA
:104D6000B1FBFBFEBAFBFBFAD64526D218F800B021
:104D700015F803A01BEA0A0F1FD0DFF8B8E11EF8F0
:104D800000E01EEA0A0F18D1DFF8B0E11EF8077044
:104D9000012F12D02BEA0A0B08F800B001240027DB
:104DA00089F80070DFF8909129F81210DFF89091DF
:104DB00089F8007089F8017072E00A2944D3089FCD
:104DC000B94241D31E293FD3BDF81AA0BAF1000F52
:104DD0003AD0594F37F81270B94235D9CF1B5745E1
:104DE00002DA584FBF5C77B318F800A0EF5CD346E7
:104DF0001AEA070F28D1DFF83CA11AF800A01AEA36
:104E0000070F21D0DDF800A05FEACA7A0BD04BEA89
:104E1000070408F800400124012789F800704A4F70
:104E200027F812103CE0DDF824A0514538D34BEAB6
:104E3000070408F800400124012789F80070424F58
:104E400027F812102CE0FFE7BDF81C7047B3DFF81D
:104E5000F8A03AF812A0514522D2AAEB010ABA45AD
:104E60001EDB18F800A0EF5C1AEA070F18D0DFF875
:104E7000C4B01BF800B01BEA070F11D02AEA070ADA
:104E800008F800A0314C14F800A04AEA070A04F818
:104E900000A00124002789F80070274F27F812107E
:104EA0000A2908D2234F15F803A017F8009029EA21
:104EB0000A0907F8009018F80000EB5C184007D0CA
:104EC000214B33F81250A94202D923F8121007E0FF
:104ED00030B9194830F81230994201D220F8121036
:104EE000A4B100201C4D1A4900221A4B2F880BE058
:104EF00011F81080129DA84504D1BCF1000F01D01B
:104F000004B11A70401CC0B2B842F1D32CB90C2EB7
:104F10000CD112480078002808D10C2E01D00DF0D9
:104F2000FBFB13B0BDE8F04F00F04EB813B0BDE886
:104F3000F08F00006A3A00203A3300200A23002054
:104F4000FA000020F24100203A320020BA38002056
:104F5000283C0100A6000020623C01008C000020DB
:104F600010B51448FDF75AF91348007880B90DF0D0
:104F7000D1FD124C2078C0060AD5FFF7B9F9207888
:104F800020F0100020700B48FDF7FEF8FBF724F925
:104F90000AF0A6FC0A480178002909D009490978D5
:104FA000002905D000210170BDE8104000F08ABA48
:104FB00010BD000050000020440200206C000020C2
:104FC0009B000020B80200202DE9F84FDFF8D0B395
:104FD000F2489BF80010465C00F00EFEF1480078A5
:104FE000012805D1A6F111000B2801D8103EF6B218
:104FF000ED4DEE48DFF8B883297800274FF001091E
:10500000AF290AD00078DFF8ACE3DFF8ACC3EB4A95
:10501000EB4B4FF4304A10BB19E0077098F80020B2
:10502000E84982B181F8009080F80090E648007865
:10503000002803D0E548017811B10770BDE8F88F6A
:1050400080F80090FAE70F70FBF780FEF6E79CF817
:10505000000019781EF80000515C084212D0D549B2
:105060009CF8000014310C5C1978515C0C4209D199
:10507000544698F80020BAB11EF800200A430EF8F2
:10508000002023E04FF4164498F8000090B1C9497D
:105090009CF800001B78143111F800C0D25C4CEA77
:1050A000020C01F800C011E01EF800208A430EF83F
:1050B00000200BE0BF499CF800001B78143111F868
:1050C00000C0D25C2CEA020C01F800C0C048007895
:1050D00040B1B4F5164F01D14FF43A44544501D1D3
:1050E0004FF43C4414F826008DF8000004EB8600D1
:1050F00041788DF8011081788DF80210C0788DF814
:10510000030098F8000090B1B248007878B1B24935
:10511000097861B9B149097849B9012802D0022852
:1051200003D004E0FBF776FE01E0FBF799FE701E6A
:10513000AB4A442819D8117821B9544502D19DF8B9
:10514000003013B1012906D00FE02F70A54951F8A6
:105150002000009009E0544507D19DF8001021B9C6
:105160002F70A14951F820000090A6F151000128AC
:1051700019D8117821B9544502D19DF8002012B1F7
:10518000012906D00FE02F70984951F820000090B7
:1051900009E0544507D19DF8001021B92F709449BA
:1051A00051F8200000909DF800000E2831D2DFE871
:1051B00000F0F4073161758284B930F3F2F1F0EF59
:1051C0008C4880F800909DF801008B49012802D09E
:1051D000032811D01CE09DF8020000F01F008DF89C
:1051E000020098F800201AB14A7802434A700FE092
:1051F0004A7882434A700BE098F8000018B19DF895
:105200000200087104E008799DF8022090430871BB
:105210002F7049E19DF8020008B1287044E19DF823
:10522000010001280ED002280FD0042810D0082831
:1052300011D0102812D0202813D0402814D0802854
:1052400015D031E1E02028702EE1E12028702BE11B
:10525000E220287028E1E320287025E1E42028706E
:1052600022E1E52028701FE1E62028701CE1E720FC
:10527000287019E161480078F0BB61484770877079
:1052800098F8001029B19DF8011041709DF80210A6
:1052900081705C4880F800902F7005E15A48477093
:1052A00098F80010012902D19DF80110417057486B
:1052B00080F80090F8E02F70F6E02F7098F800006A
:1052C000D0B1534C534E207820B1FEF7ABF8307874
:1052D000022825D050499DF8010008709DF8021061
:1052E00031704E490F709DF803204A704C490F7081
:1052F000800000F5104000E0D6E0D0F8000C494AEC
:1053000000F51C4084F8009047490F60C1F80490F4
:1053100046490F8030F8043B5B084B801060C3E0C7
:1053200027708BE62F7098F80000414E78B3414CFF
:10533000207860B19DF80110884208D09DF80210D5
:10534000884204D0287088F800700BF0ADFF6078B8
:1053500060B19DF80110884208D09DF80210884283
:1053600004D0287088F800700BF09EFF9DF80100B3
:1053700020709DF8020060709DF80300A07086F810
:1053800000902D4807802D490A2008708CE057E0D6
:1053900077E071E06BE064E05DE080E0903A01006E
:1053A0008800002095000020890000208C0000204B
:1053B0008D000020684A002087000020203C01006A
:1053C00086000020A6000020690300206A03002058
:1053D000F80000204402002059020020540200205E
:1053E000A800002090560100C0560100F0560100B0
:1053F00020570100A2000020E0000020C70200208A
:10540000BC0000209F000020B4000020A00000206D
:10541000AD000020AB000020AA000020B600002054
:10542000AC000020DC000020F0000020D8000020AC
:10543000B0000020BF000020B8000020AF00002016
:105440009DF80300287088F8007037700BF02CFF6F
:10545000FEF786F828E02F7069463046FEF74AFFCF
:1054600022E02F706946304600F0D2FC1CE09BF829
:10547000000000F0BBF817E09BF8000000F0B6F861
:105480002F702F709DF802009DF80110000200EBB4
:1054900001409DF803100844FEF74EF904E0084867
:1054A0009BF80010405C2870287800283FF4CAADB3
:1054B00000F0BEFB28780028F8D00BF0F5FEBDE523
:1054C000383B01001FB5002000900190029003902E
:1054D000A5208DF80000194841798DF80110817BD5
:1054E0008DF80210417E8DF80310017D8DF80410B7
:1054F000817D8DF80510124909788DF80610017E1E
:105500008DF8071090F823008DF808000D480078FA
:105510008DF80F000C4800788DF80D000B480078CE
:105520008DF80A000A4800788DF80B0000234FF42C
:10553000024210216846FEF77BF81FBDB40200202E
:105540000A0300205D020020A8000020A90000201E
:10555000820000200849488F00280CD0401E80B2ED
:105560004887002807D101F16600027822F008027E
:1055700002700120887770478000002002494FF4B4
:1055800096704887704700008000002010B50446E0
:10559000FEF7FAFD1349144A062C08D2DFE804F09E
:1055A00003080D12171C486940F48040486110BD83
:1055B000486940F40050486110BD486940F480508B
:1055C000486110BD506940F00100506110BD506944
:1055D00040F00200506110BD486940F4006048612D
:1055E00010BD00000070034000A003402DE9FF5FE4
:1055F000FE4CFD482178405CFD4ADFF8F883525CA0
:1056000088F80020FC4A12F82030ADF8003002EB98
:1056100080025378ADF802309378ADF80430D27838
:10562000ADF80620F54A02EBC0008278C37802EBA1
:10563000032293B2ADF808300279457902EB0522D6
:1056400092B2ADF80A208579C07905EB002080B2CE
:10565000ADF80C00BDF80450BDF80660002B02D177
:105660009623ADF80830BDF808301E2B02D81E2353
:10567000ADF80830E24B33F8111059B9521E092A1F
:1056800002D20A22ADF80A20401E092802D20A20BE
:10569000ADF80C00B1F5A57F0ED3BDF80A101420AB
:1056A000491E132901D2ADF80A00BDF80C10491E9D
:1056B000132901D2ADF80C00D248C07A70B1BDF800
:1056C0000A100620491E052901D2ADF80A00BDF8CE
:1056D0000C10491E052901D2ADF80C00E8B2FCF708
:1056E000E5F90446BDF80600C0B2FCF7DFF98346D1
:1056F000DFF814A3C54F9AF8000070B198F80010B5
:105700008D4203D13A5D42F004023A558E4212D1E5
:10571000395D41F0080139550DE098F800108D42CF
:1057200003D13A5D22F004023A558E4203D1395D2D
:1057300021F008013955BDF800100B2939D00C298A
:1057400073D117F8049098F80000B14A85420CD143
:10575000A64BAB491B7831F813300A21B3FBF1F1AA
:1057600022F8141029F00101395586420DD19F4BC2
:10577000A3491B7831F813300A21B3FBF1F122F869
:105780001B10395D21F002013955984B9C491B785B
:1057900031F81310BDF8083099426ED932F8143040
:1057A00032F81B20934269D93A5D42F001023A5522
:1057B00003E1BDF80210032906D001293AD00229DD
:1057C00064D0042977D0BDE098B198F800008542F4
:1057D00006D1385D40F0010000F00D003855B1E011
:1057E000864205D1385D40F0020000F00E003855C9
:1057F000A8E098F8000085420CD1385D010705D576
:1058000040F0020000F00E0038559BE000F00C0064
:10581000385597E0864207D1385D410706D540F0FC
:10582000010000F00D0038558CE05BE100F00C0049
:10583000385587E098B198F80000854206D1385D68
:1058400040F0010000F00D0038557BE0864279D130
:10585000385DC10776D140F00200385572E098F803
:10586000000085420BD1385D00F00E00385501076D
:1058700068D540F00200385564E0ADE098E086421B
:1058800060D1385D00F00D0038555BE0A0B198F8AC
:105890000000864206D1385D40F0020000F00E00A4
:1058A00038554FE085424DD1385D81074AD440F0EC
:1058B0000100385546E014E098F80000864209D10E
:1058C000385D00F00D00385541073BD540F0010030
:1058D000385537E0854235D1385D00F00E00385537
:1058E00030E0B0B1385D410705D5010703D500F0C0
:1058F0000C00385526E098F800108D4203D140F096
:10590000010038551EE08E421CD140F0020038558F
:1059100018E098F80000854209D1385D00F00E00CB
:10592000385501070ED540F0020038550AE086428E
:1059300008D1385D00F00D003855410702D540F020
:10594000010038553348007858B9385D410702D511
:1059500040F001003855385D010702D540F00200E3
:105960003855385DC00707D001208AF8000088F854
:1059700000500BF099FC06E000208AF8000088F83F
:1059800000500BF091FC385D800708D501208AF8A3
:10599000000088F80060BDE8FF5F0BF085BC0020C8
:1059A0008AF8000088F80060BDE8FF5F0BF07CBC5F
:1059B00003D23A5D42F002023A55B1F5967F0BD31D
:1059C000854203D13A5D42F001023A55864203D145
:1059D000385D40F002003855DFF83CC0DFF83C800D
:1059E000C82930D30A4A1BE0903A01008800002001
:1059F000383B0100890000203A2500203A29002088
:105A00003A340020FA0000208D0000203A370020B0
:105A10003A24002081000020203C01008600002064
:105A20003148103A0378D05C98F800201CF8022026
:105A3000104208D12D491043C85401208AF80000B3
:105A40000CF06AFE12E0C82910D82748274B98F8B6
:105A5000002001781CF80220585C104206D09043C8
:105A6000585400208AF800000CF056FE4FF0000851
:105A70008AF80080385DC10702D05FEAC97102D0A0
:105A8000C00708D010E001208AF80000184805700F
:105A90000BF00AFC08E05FEAC97005D08AF80080C4
:105AA000134805700BF000FC385D81070AD55FEAEA
:105AB000897107D401208AF800000D4806700BF0A8
:105AC000F3FB0AE0800708D45FEA897005D58AF8FD
:105AD0000080074806700BF0E7FB064800F80480DA
:105AE00000F80B80BDE8FF9F870000202A240020DB
:105AF000890000202A20002049F2032001780C4A66
:105B0000117040780B49087048F20C2001780A4A5D
:105B10001170C1780948017009484068C1070948F7
:105B200003D00021417009F087BB01214170FAE7E1
:105B30004902002068030020400200205D0200208E
:105B40000080034080000020F8B58678C178027993
:105B50004378222B02D0262B06D00AE04FF43A439A
:105B600003EB02228C1804E04FF43C4303EB0222C7
:105B70008C1800220025022719E081180B7AA3B99E
:105B80004B7A93B98B7A83B9CB7A73B990F804C006
:105B9000C37802EB0C2C63449BB29B08312B09D0D9
:105BA000332B13D0A3181B688B60121DD2B2B242E4
:105BB000E3D3F8BD8DF800708DF8015004238DF803
:105BC00002308DF80350009B8B60EEE78DF800707B
:105BD0008DF8015007238DF802308DF80350009B9B
:105BE0008B60E2E764225043B0FBF1F00149887317
:105BF00070470000FA0000200C490878002804D003
:105C0000CA7C4FF496700AB1086370474A7C0AB1A7
:105C100008637047487D0028FBD048790028F8D0F9
:105C20004FF416725043086370470000440200208E
:105C30002DE9F0412B492A480978415C2A4C01267C
:105C400000252278294FAF2A0AD0384654290078F7
:105C500015D065291CD0522923D051292AD031E0F2
:105C60002348057023490D70234A1278012A03D076
:105C7000FBF76CF8257025E00E700670FAE7E62A4F
:105C800020D1022801D001281CD1E720207019E082
:105C9000E72A17D1022801D0012813D1E62020706D
:105CA00010E0E22A0ED1022801D001280AD1E32017
:105CB000207007E0E32A05D1022801D0012801D194
:105CC000E2202070387886400C480078064205D0E3
:105CD0002078E32801D0E72800D12570BDE8F081C5
:105CE000903A01008800002089000020A8000020D0
:105CF0008C000020A60000208D000020A9000020BC
:105D00007CB534A003C8CDE900010BF0A5FB3349F5
:105D100008803348017821F02001017001263148C4
:105D2000B1040025C0F800110160BFF34F8FBFF32D
:105D30006F8F00212C48FDF778F8202803D100212F
:105D40002948FDF702FA2948FCF71EFAFEF71CFA6B
:105D50000A20FCF766F80CF0B7FA0DF0FBFDFEF731
:105D6000C7FA01F047FBFCF73FFF214C207808B948
:105D7000FBF794FA0DF02AF900F094F81B48FCF7B1
:105D800017FA10B91948FCF715FA1A494FF47A7046
:105D9000086019480670FDF78BFB207820B90822AF
:105DA000694600200AF01AFD0A20FCF73AF820782C
:105DB00020B90822694600200AF010FD0F4805703E
:105DC000FDF7D8F9207818B905494FF4FA508881C1
:105DD00000207CBD000070000000000036020020A2
:105DE0006C00002080E100E008000020500000204E
:105DF00044020020680000209E0000206400002073
:105E00000248017841F02001017070476C000020C9
:105E10002DE9F04704464FF4FA751F4FDFF87C80F8
:105E20003A467B7BD079DFF8789092794FF0000C7E
:105E300008F19A06012B0DD036F8143023B326F85A
:105E400014C018F8021019F80000014308F80210F5
:105E5000BDE8F08718F8023019F8000003420AD0B4
:105E60004978797287F80DC0834308F80230BDE89D
:105E7000F0470BF019BA48787872012078730BF06C
:105E800013FA26F81450E3E74878787287F80DC0C3
:105E9000BDE8F0470BF008BA800000201020002079
:105EA000203C010010B50748FCF7CAFF0022064954
:105EB0000448FDF751F8BDE8104000210148FDF706
:105EC00041B90000080000203C00002010B5074840
:105ED000FCF7B6FF002206490448FDF73DF8BDE88F
:105EE000104000210148FDF72DB9000008000020F6
:105EF0003C00002030B50C480D49002203780B4CC3
:105F00000868002B0BD00B4B1D78012D05D03222D9
:105F1000228040F00800086030BD1A7030BD228039
:105F200020F00800086030BD8D000020B200002085
:105F3000D4000020A7000020084929200870084844
:105F4000084902780878002A03D040F0040008705D
:105F5000704720F00400087070470000890000209E
:105F60008D000020E600002008480022027008484A
:105F70000078002808D00748012103780BB102708F
:105F800000E00170044801707047000089000020A3
:105F90008D000020950000209B00002006482B214A
:105FA000017006480078002804D00548017841F0C7
:105FB0000401017070470000890000208D0000205E
:105FC000E600002006480078002804D00548017843
:105FD00011B100210170704701210170704700006C
:105FE0008D000020F800002010B509480078002836
:105FF0000DD008490878401CC0B20870042801D9A7
:1060000000200870FAF792FC03490120087010BDC7
:106010008D0000203D0300209B00002010B50D489E
:106020000078002815D00C480078032801D00228F9
:106030000FD10A490878401CC0B20870084A12788B
:10604000904201D900200870FAF796FD0549012019
:10605000087010BD8D000020390300203A03002095
:106060003E0300209B0000207047000010B5094847
:10607000007800280DD008490878401CC0B208708C
:10608000052801D300200870FAF7ACFC0349012071
:10609000087010BD8D0000203B0300209B000020F5
:1060A00010B50F480078002818D00E490878401C19
:1060B000C0B208700A2801D3002008700A490520E0
:1060C00008700A490870FAF731FCFAF78BFCFAF706
:1060D000D9FCFAF751FD06490120087010BD0000F7
:1060E0008D000020390300203D0300203B030020E9
:1060F0009B0000200748007800280AD006490320AA
:10610000087006480121027822F008020270044853
:10611000017070478D000020A8000020A900002019
:106120009B000020704700000848017808480029BB
:1061300005D00849097811B10749097811B1002142
:106140000170704701210170FAF794BE8D000020A4
:10615000B2020020440200206402002070B51548FD
:10616000007801281ED11448144E154C0078D0B187
:10617000144801250178012902D00570FAF74AFE7A
:10618000114902200870114805701148007808B9BB
:1061900001F00AFFFFF730FD1E203080206840F438
:1061A0008070206070BD206820F480702060002026
:1061B000308070BD440200208D000020B20000201D
:1061C000D40000205D020020660200209B00002019
:1061D0005902002070B51548007801281ED11448D6
:1061E000144E154C0078D0B11448022501780229CC
:1061F00002D00570FAF70EFE114805701149012012
:1062000008701148007808B901F0CEFEFFF7F4FCE1
:106210001E203080206840F40070206070BD20682F
:1062200020F4007020600020308070BD4402002007
:106230008D000020B2000020D40000205D0200206C
:10624000660200209B0000205902002070B516480D
:10625000007801281FD11548154D164C0078D8B18B
:1062600015480178042903D004210170FAF7D2FD02
:106270001249022008701249012008701148007864
:1062800008B901F091FEFFF7B7FC1E2028802068B6
:1062900040F48060206070BD206820F48060206041
:1062A0000020288070BD0000440200208D000020E6
:1062B000B2000020D40000205D0200206602002011
:1062C0009B0000205902002008495220087008480D
:1062D000084902780878002A03D040F001000870CD
:1062E000704720F00100087070470000890000200E
:1062F0008D000020E60000200748007800280AD022
:1063000006490220087006480121027822F00402A2
:1063100002700448017070478D000020A800002022
:10632000A90000209B0000207047000010B5204904
:10633000002008701F490978002926D01E490978D5
:10634000122922D11D490A78AAB108701C48007888
:1063500008281AD31B480078012817D002281ED01D
:10636000032812D10023BDE810404FF4E3428021FE
:106370001548FDF75DB901F027FE0020124AFF2104
:106380001154401CC0B27E28FAD310BD0023BDE8D2
:1063900010404FF4E14280210B48FDF749B900233A
:1063A000BDE810404FF4E24280210748FDF740B9B4
:1063B000890000208D000020B8020020C7020020C4
:1063C000C2020020CD020020FF5700207047704716
:1063D00010B51148007800281DD01048007800281A
:1063E00019D10F480078002815D00E4C20780528C8
:1063F00006D2401C207000F0EBFD0B490120087014
:106400002078052807D1094900200870BDE8104010
:10641000042002F0B5BA10BD8D0000209A000020C3
:10642000B8020020C80200209B000020F2020020D9
:1064300010B51248002202701148007800281CD0C4
:10644000104800781D2818D00F480078052814D06F
:10645000072812D00D490878FF2805D00C4B1B786F
:10646000984203D30A7003E00A7001E0401C0870F0
:1064700006F028FF07490120087010BD89000020A0
:106480008D000020B8020020B9020020C2020020C6
:10649000C30200209B00002010B51148007800289E
:1064A0001DD010480078002819D10F480078002826
:1064B00015D00E4C2078012806D9401E207000F01F
:1064C00087FD0B49012008702078012807D1094970
:1064D00000200870BDE81040042002F051BA10BD41
:1064E0008D0000209A000020B8020020C802002081
:1064F0009B000020F20200200A48002101700A4897
:10650000007800280CD009480078002808D00848F6
:10651000012203780BB1017000E00270054802709F
:1065200070470000890000208D000020B802002084
:10653000CC0200209B000020704700000748007834
:10654000002809D006480121027812B10022027009
:1065500000E0017003480170704700008D000020CA
:10656000D70200209B0000201048007800281BD094
:106570000F480078002817D10E480078002813D063
:106580000D490878052806D2401C08700B4A0120E6
:1065900010700B4A10700878052805D109490020B1
:1065A0000870042002F0ECB9704700008D00002054
:1065B0009A000020B8020020CA020020BA0200207F
:1065C0009B000020F20200201048007800281BD019
:1065D0000F480078002817D10E480078002813D003
:1065E0000D490878012806D9401E08700B4A012081
:1065F00010700B4A10700878012805D10949002055
:106600000870042002F0BCB9704700008D00002023
:106610009A000020B8020020CA020020BA0200201E
:106620009B000020F202002070B51848002404707E
:1066300017480078002828D016480078002824D170
:10664000154800781D2820D04FF400400179134AE6
:10665000117040791249087000F0BAFC1148012508
:10666000057011490878401CC0B208700F4A1470B8
:10667000132800D30C700E4804700E48047002F00A
:10668000ABFA06F01FFE0C48057070BD89000020B3
:106690008D0000209A000020B8020020C8020020CF
:1066A000CA020020BA020020B9020020CC02002059
:1066B0006B030020C70200209B00002070B5144827
:1066C0000024047013480078002820D01248007875
:1066D00000281CD14FF400400179104A1170407914
:1066E0000F49087000F074FC0E48012505700E4932
:1066F000087810B1401E087001E0122008700B48A5
:10670000047002F069FA06F0DDFD0948057070BDFD
:10671000890000208D0000209A000020C80200207F
:10672000CA020020BA020020B9020020C7020020DD
:106730009B00002010B50B480078002811D00A48B3
:10674000007800280DD109490878401CC0B20870B3
:10675000052801D30020087000F03AFC044901200C
:10676000087010BD8D0000209A000020C802002093
:106770009B0000200849202008700848084902783A
:106780000878002A03D040F00A000870704720F013
:106790000A00087070470000890000208D0000206A
:1067A000E600002010B50F48002202700E48007865
:1067B000002815D00D48012103787BB102700078C4
:1067C00081400B4802788A43027008F0F1FE0320F2
:1067D00000F094FBBDE81040FEF774BE0170EEE7D8
:1067E00010BD0000890000208D000020A8000020BE
:1067F000A90000200C480078002813D00B49087825
:1068000038B1012808D0022809D000200870FEF70E
:1068100059BE01200870FAE702200870F7E703204C
:106820000870F4E7704700008D000020820000200F
:1068300010B50948007800280DD008490878401C98
:10684000C0B20870042801D90020087007F0ACFF1E
:1068500003490120087010BD8D0000200E030020A8
:106860009B00002010B50D480078002815D00C487A
:106870000078032801D002280FD10A490878401C6B
:10688000C0B20870084A1278904201D900200870FE
:1068900008F0B8FC05490120087010BD8D000020EB
:1068A0000A0300200B0300200F0300209B000020A0
:1068B00010B50948007800280DD008490878401C18
:1068C000C0B20870052801D30020087008F01AFA39
:1068D00003490120087010BD8D0000200C0300202A
:1068E0009B00002010B50E48002101700D48007873
:1068F000002805D00C4802781AB101700B480170CD
:1069000010BD0B4A1078401CC0B21070022800D98C
:10691000117008F077FCBDE81040FEF7D3BD000011
:10692000890000208D0000209200002093000020AC
:106930000A03002010B50D4900230B700C4909789B
:10694000002911D00B490C4A0C78844202D11478EA
:10695000122C09D00870137008491320087006F033
:10696000B1FC07490120087010BD0000890000201B
:106970008D000020CD020020B8020020B9020020C6
:106980009B00002009480B49094A03780868002B3E
:1069900005D01E23138040F00100086070470023DB
:1069A000138020F001000860704700008D00002077
:1069B000B2000020D400002070B5104800780228F2
:1069C00014D10F480F4D104C007880B10F490220B0
:1069D00008700F48007818B9FAF742FA01F0E4FAA3
:1069E0001E202880206840F40060206070BD206870
:1069F00020F4006020600020288070BD4402002048
:106A00008D000020B2000020D4000020660200208B
:106A10005902002009480078002808D008480122BF
:106A200002700849087818B1012803D00A7070472D
:106A30000A70704702200870704700008D00002027
:106A40009200002093000020704770477047704705
:106A500070477047704700000C48002202700C48D5
:106A60000078002810D00B48007800280CD10A4983
:106A70000878401CC0B20870052800D30A70074986
:106A80000120087006490870704700008900002046
:106A90008D0000209A000020CA020020BA020020C7
:106AA0009B0000207047000008492C20087008480F
:106AB000084902780878002A03D040F008000870DE
:106AC000704720F00800087070470000890000201F
:106AD0008D000020E60000200849072008700848C3
:106AE000084902780878002A03D040F008000870AE
:106AF000704720F0080008707047000089000020EF
:106B00008D000020E6000020084908200870084891
:106B1000084902780878002A03D040F0080008707D
:106B2000704720F0080008707047000089000020BE
:106B30008D000020E600002009480B210170094863
:106B40000078002805D00848017841F0080101705C
:106B50007047064800780028FAD0FEF70FBD000005
:106B6000890000208D000020E6000020A800002001
:106B700010B50A48007800280FD00948094A0124B6
:106B8000017804FA01F01178084202D081431170B3
:106B900001E0084310700448047010BD8D0000200F
:106BA000A8000020A90000209B00002007480078D2
:106BB00000280AD006490020087006480121027802
:106BC00022F0010202700448017070478D0000201D
:106BD000A8000020A90000209B00002009482B21CC
:106BE000017009480078002805D00848017841F074
:106BF000080101707047064800780028FAD0FEF7B7
:106C0000BDBC0000890000208D000020E6000020AF
:106C1000A8000020D0ED000A90ED041A70EE810A61
:106C2000C0ED010A90ED051A70EE811A80EEA11AEE
:106C300080ED031AD0ED021A30EE612AB0EE610A3F
:106C400001EE020A80ED020AF7EE001A31EEC11AD7
:106C500061EE200AC0ED000A70470000DFED090A6E
:106C6000C0ED000A9FED080A80ED010A80ED020ADE
:106C700080ED030AC0ED040A9FED040A80ED050AC9
:106C800070470000ACC52737000000000AD7233C3E
:106C9000FFB59DF80000FF2849D09DF804409DF8FD
:106CA00008209DF80C30224F002038700021214E22
:106CB00006EB921595F800C09DF8005005EB4505D0
:106CC00001EB85053D4485F801C0491CC9B2920617
:106CD000120E401CC0B20428EAD30021002006EBAB
:106CE000941215789DF8002002EB420201EB82021B
:106CF0003A445571491CC9B2A206140E401CC0B2D8
:106D00000428ECD30021002006EB931214789DF8A0
:106D1000002002EB420201EB82023A445472491C09
:106D2000C9B29A06130E401CC0B20428ECD3FFBDB2
:106D3000344C00209C4A01000020044A00211154D8
:106D4000401C80B27E28FAD3704700009654002081
:106D500000200849897C00290AD00021064B5A5C92
:106D600012B1521E5A540120491CC9B27E29F6D3D1
:106D700070470000B40200209654002010B5074A66
:106D800001EB4101064C535C23541144054B4A78F6
:106D90001A54054A8978115410BD0000A04A010018
:106DA0001C5300209A53002018540020074991F8E2
:106DB0002100401CC0B281F82100022804D9002023
:106DC000203148700120087070470000B402002094
:106DD00070B5494D002695F82000002808D095F898
:106DE000220028B985F82060FFF7B2FF00B1012426
:106DF0002878002876D095F8220080BB2E7028795C
:106E00001F286ED2DFE800F01013193E474A2F25E5
:106E100038531C4132441F222C16283B354D505606
:106E2000595C5F6B6265680001F0EAFB59E001F0B4
:106E3000E3FE56E005F056FF53E001F0CDFD50E0D3
:106E400005F0C8FC4DE001F0B7FC4AE006F02CF874
:106E500047E001F08FFF44E000F064F841E041E0DA
:106E600004F070F83DE006F0B5F93AE005F058FDA1
:106E700037E006F099FA34E003F0CAFF31E005F09C
:106E800001FC2EE005F098FF2BE000F009FA28E065
:106E900000F0B4FB25E000F087FF22E001F0CEFF18
:106EA0001FE006F0D7F81CE000F072FE19E001F0D8
:106EB0001FFE16E005F06AFE13E006F02BFB10E063
:106EC00005F0E0FD0DE000F0A7FC0AE001F08EF80F
:106ED00007E004F07BF804E005F084FB01E001F03A
:106EE0005BFC012405F0BEF90CB104F089FFBDE89C
:106EF000704001F059BD0000B4020020074A92F82A
:106F00002710002908D1064900230B80C8234B8095
:106F10000871012082F8270070470000B4020020A9
:106F2000AC0200202DE9F043DFF88880FF2600271F
:106F300098F80E00204DFF281BD00024DFF87C902D
:106F400019F80410FF2909D02E5598F80E000828CA
:106F500006D201462046FFF711FF04E02F5502E05C
:106F60002046FFF70BFF641CE4B27E2CE8D3BDE89B
:106F7000F0830020124B810001F51041D1F8001A76
:106F8000CAB282420FD11A5CDFF838C00C0A0CF882
:106F90000240DFF834C00C0C0CF802400B4C090E18
:106FA000A154AE5401E0195C6F54401CC0B27E285D
:106FB000E1D3DCE7B402002096540020FF57002004
:106FC000D55201001C5300209A5300201854002071
:106FD00003480249027D895C4175704755530100A1
:106FE000B40200200549888D401E0004000C8885ED
:106FF00003D1C88D8885012008707047B402002035
:10700000FFFFFFFFFFFFFFFFFFFFFFFFFFFFFFFF90
:10701000FFFFFFFFFFFFFFFFFFFFFFFFFFFFFFFF80
:10702000FFFFFFFFFFFFFFFFFFFFFFFFFFFFFFFF70
:10703000FFFFFFFFFFFFFFFFFFFFFFFFFFFFFFFF60
:10704000FFFFFFFFFFFFFFFFFFFFFFFFFFFFFFFF50
:10705000FFFFFFFFFFFFFFFFFFFFFFFFFFFFFFFF40
:10706000FFFFFFFFFFFFFFFFFFFFFFFFFFFFFFFF30
:10707000FFFFFFFFFFFFFFFFFFFFFFFFFFFFFF001F
:10708000FFFFFFFFFFFFFFFFFFFFFFFFFFFFFFFF10
:10709000FFFFFFFFFFFFFFFFFFFFFFFFFF000102FA
:1070A000030405060700010203FFFFFFFF000102C2
:1070B0000304050607000102FFFF000102030405A7
:1070C00006070001FF02FF000102FFFFFFFFFFFFB5
:1070D000FFFFFFFFFFFFFFFFFFFFFFFFFFFFFFFFC0
:1070E000FFFFFFFFFFFFFFFFFFFFFFFFFFFFFFFFB0
:1070F000FFFFFFFFFFFFFFFFFFFFFFFFFFFFFF009F
:107100002DE9F041264C012500262079122806D0D1
:10711000122020712570E674FFF70EFEA674A07B86
:10712000FF2813D0607E012802D0022803D004E09B
:107130004FF4E04301E04FF4E143002019491A5CA9
:107140000A54401CC0B27E28F9D325E00020164B1B
:10715000164F810001F51041D1F8001ACAB28242DF
:1071600014D11A5CDFF848804FEA112C08F802C0ED
:10717000DFF840804FEA114C08F802C0DFF838C051
:10718000090E0CF80210FF21B95401E0195C7E547D
:10719000401CC0B27E28DCD32570BDE8F081000021
:1071A000B4020020FF570020D55201009654002061
:1071B0001C5300209A5300201854002017490888B7
:1071C000002801D0401E08801549088808B1401EDB
:1071D00008801449088808B1401E088012490888B0
:1071E00008B1401E08801149088808B1401E088077
:1071F0000F49088808B1401E08800E49088808B168
:10720000401E08800C49088808B1401E08800B49C0
:107210000888002801D0401E088070478E02002098
:10722000940200209A02002082020020880200209E
:107230007C020020A0020020A6020020AC02002058
:1072400010B5FFF779FD114C0820E071207200F0B5
:10725000AFF80F48002303704FF40040C178617607
:10726000017921754179A17590F80D0209490870DD
:1072700009494FF4AF600860FFF7AAFE0120A07132
:1072800084F823300548037010BD0000B4020020CC
:10729000AD000020A80000203C0200206B0300206D
:1072A0002DE9F84F00203A49DFF8ECA03B4D097E6C
:1072B000009138490AF12D0B0AF15A0E0B78591E2C
:1072C000CCB2009909B31AF80010491CC9B20AF8E7
:1072D0000010994202D300210AF800101BF8001098
:1072E000491CC9B20BF80010994202D300210BF8D7
:1072F00000101EF80010491CC9B20EF80010994287
:1073000015D300210EF8001011E01AF8001091B307
:10731000491E0AF800101BF8001069B3491E0BF84B
:1073200000101EF8001041B3491E0EF80010002195
:107330001B4A1AF800701BF800C01EF80060DFF846
:107340006490D75D12F80CC012F8068009EBC009F2
:10735000154E19F80120B75405F802C0134E06F86F
:107360000280491CC9B20629F2D3401CC0B21528BC
:10737000A7D3BDE8F88F01E003E005E00AF800407C
:10738000C9E70BF80040CCE70EF80040CFE700005B
:10739000B40200207C4E0100D05600209A530020F9
:1073A000BC4D0100E65001001C5300201854002081
:1073B00070B5FFF7C1FC0D484FF49671418501216E
:1073C0008171002606718672C6728174467200242D
:1073D000074DA01C00F007012046FFF7CFFC2E55FB
:1073E000641CE4B27E2CF4D370BD0000B402002013
:1073F0009654002000BF00BF00BF00BF00BF704711
:10740000FFFFFFFFFFFFFFFFFFFFFFFFFFFFFFFF8C
:10741000FFFFFFFFFFFFFFFFFFFFFFFFFFFFFFFF7C
:10742000FFFFFFFFFFFFFFFFFFFFFFFFFFFFFFFF6C
:10743000FFFFFFFFFFFFFFFFFFFFFFFFFFFFFFFF5C
:10744000FFFFFFFFFFFFFFFFFFFFFFFFFFFFFFFF4C
:10745000FFFFFFFFFFFFFFFFFFFFFFFFFFFFFFFF3C
:10746000FFFFFFFFFFFFFFFFFFFFFFFFFFFFFFFF2C
:10747000FFFFFFFFFFFFFFFFFFFFFFFFFFFFFF001B
:10748000FFFFFFFFFFFFFFFFFFFFFFFFFFFFFFFF0C
:10749000FFFFFFFFFFFFFFFFFFFFFFFFFF000102F6
:1074A000030405060700010203FFFFFFFF000102BE
:1074B0000304050607000102FFFF000102030405A3
:1074C00006070001FF02FF000102FFFFFFFFFFFFB1
:1074D000FFFFFFFFFFFFFFFFFFFFFFFFFFFFFFFFBC
:1074E000FFFFFFFFFFFFFFFFFFFFFFFFFFFFFFFFAC
:1074F000FFFFFFFFFFFFFFFFFFFFFFFFFFFFFF009B
:107500002DE9FC4F334B18790B280FD0FFF714FCF3
:107510005020588501209871002058720B21197154
:107520009874402199768021D9761877002093F8B5
:107530001AE0D97E0191197F00912749274CDFF885
:10754000A0900A78DFF89CA0DFF89CB027490B5C7C
:1075500003EB0E01914201D3891A89B2CEB22449BC
:107560000E5401991944914201D3891A89B2CFB2BC
:107570001F492D310F5400991944914201D3891AA2
:1075800089B201F0FF0C1A495A3101F800C00021FC
:10759000184B03EBC008A55D18F8013009F803503B
:1075A000E55D0AF8035014F80C500BF80350491C21
:1075B000C9B20629EFD3401CC0B21528C6D300209B
:1075C0000D4AFF211154401CC0B27E28FAD3BDE8F9
:1075D000FC8F0000B40200207C4E0100BC4D010075
:1075E0001C5300209A530020185400205A4C0100CC
:1075F000D0560020E6500100965400202DE9F84FA7
:1076000000203C49DFF8F0A00B780AF12D0B591E41
:10761000CCB23A490AF15A0E0978009158E038493B
:10762000097E09B31AF80010491CC9B20AF8001003
:10763000994202D300210AF800101BF80010491CDF
:10764000C9B20BF80010994202D300210BF80010C8
:107650001EF80010491CC9B20EF80010994215D34B
:1076600000210EF8001011E01AF80010A9B3491E0D
:107670000AF800101BF8001081B3491E0BF8001027
:107680001EF8001059B3491E0EF8001000211D4AC3
:107690001AF800701BF800C01EF800801A4DD75D64
:1076A00012F80CC012F80880184E00EB400202EBF2
:1076B0000509174D19F80120AF5406F802C0154D01
:1076C00005F80280491CC9B20329F2D3401CC0B29C
:1076D00000998842A3D3BDE8F88F01E003E005E0FC
:1076E0000AF80040C6E70BF80040C9E70EF8004072
:1076F000CCE700007C4E0100D0560020E94E01008E
:10770000B4020020BC4D01007D4E01009A530020C0
:107710001C530020185400202DE9FC4FFFF70CFBF0
:10772000324850214185012181714FF0000E80F8CF
:1077300009E00D21017180F812E04021817601916C
:107740008021C176009180F81CE00020284991F842
:1077500000B03EE027490B5C01995A182649097888
:107760008A4201D3521A92B2D5B2244A1554009AD1
:107770001A448A4201D3521A92B2D6B21F4A2D320B
:10778000165403EB0E028A4201D3511A8AB21B49E6
:10779000D7B25A310F5400211A4A194BDFF86880CA
:1077A000DFF86890DFF868A000EB400404EB020CFF
:1077B0005C5D1CF8012008F802409C5D09F802405D
:1077C000DC5D0AF80240491CC9B20329F0D3401C11
:1077D000C0B25845BED300200E4AFF211154401CB0
:1077E000C0B27E28FAD3BDE8FC8F0000B4020020AE
:1077F000E94E01009E4C01007C4E0100D056002055
:10780000BC4D01007D4E01001C5300209A53002006
:1078100018540020965400202DE9F04F94499348C5
:10782000DFF850E20A78007E511E0EF1870900272A
:10783000CBB209F1150A09F12A0B00287DD00020EE
:107840001EF80010491CC9B20EF80010914201D375
:107850000EF80070874C2D34215C491CC9B22154AC
:10786000914201D321460F54824C5A34215C491C69
:10787000C9B22154914201D321460F5419F8001086
:10788000C1B3491E09F800101AF8001099B3491E37
:107890000AF800101BF8001071B3491E0BF8001015
:1078A0000021754C04EBC005CC072FD019F800401F
:1078B000724EDFF8CCC116F804806C5C0CF80480C2
:1078C0001AF800C016F80C80DFF8B8C10CF8048074
:1078D0001BF800C016F80C60DFF8ACC10CF80460AF
:1078E000491CC9B20629DFD3401CC0B21528A7D352
:1078F000BDE8F08F01E003E005E009F80030C3E7E0
:107900000AF80030C6E70BF80030C9E71EF800405F
:107910005A4EDFF86CC116F804806C5C0CF80480D9
:10792000DFF850C10CF12D0C1CF800C016F80C80CB
:10793000DFF850C10CF8048000E00CE0DFF834C13F
:107940000CF15A0C1CF800C016F80C60DFF838C1B6
:107950000CF80460C4E700201EF80010491CC9B2EE
:107960000EF80010914201D30EF80070414C2D34F6
:10797000215C491CC9B22154914201D321460F54C4
:107980003C4C5A34215C491CC9B22154914201D368
:1079900021460F5419F80010B9B3491E09F8001018
:1079A0001AF8001091B3491E0AF800101BF80010D5
:1079B00069B3491E0BF8001000212F4C04EBC005E1
:1079C000CC072ED01EF800402C4EDFF8B4C016F8BD
:1079D00004806C5C0CF80480DFF898C00CF12D0C6E
:1079E0001CF800C016F80C80DFF898C00CF8048072
:1079F000DFF880C00CF15A0C1CF800C016F80C60BF
:107A0000DFF884C00CF8046025E001E003E005E045
:107A100009F80030C4E70AF80030C7E70BF8003077
:107A2000CAE719F80040154EDFF854C016F8048074
:107A30006C5C0CF804801AF800C016F80C80DFF8B3
:107A400044C00CF804801BF800C016F80C60DFF886
:107A500038C00CF80460491CC9B20629B0D3401CD8
:107A6000C0B21528FFF478AF42E70000B40200204E
:107A70007C4E0100D0560020E6500100BC4D0100B4
:107A80001C5300209A530020185400202DE9FC4F6D
:107A9000FFF752F9344850214185012181714FF09F
:107AA000000E80F809E01A21017180F812E04021EF
:107AB000817601918021C176009180F81CE0002040
:107AC0002A492B4CDFF8AC900A78DFF8ACA0DFF83D
:107AD000ACB02B490B5C01991944914201D3891A2E
:107AE00089B2CEB227490E5487310E5400991944F9
:107AF000914201D3891A89B2CFB222492D310F5454
:107B00006F310F5403EB0E01914201D3891A89B2F0
:107B100001F0FF0C1B495A3101F800C0573101F840
:107B200000C00021184B03EBC008A55D18F8013018
:107B300009F80350E55D0AF8035014F80C500BF8EF
:107B40000350491CC9B20629EFD3401CC0B2152806
:107B5000BFD300200D4AFF211154401CC0B27E2823
:107B6000FAD3BDE8FC8F0000B40200207C4E010077
:107B7000BC4D01001C5300209A53002018540020D3
:107B80005A4C0100D0560020E650010096540020C7
:107B90002DE9F04F00203849DFF8E08083460B786C
:107BA00008F12D09591ECCB2354908F15A0A91F84D
:107BB00000E05DE03349097EF1B118F80010491C7E
:107BC000C9B208F80010994201D308F800B019F8BA
:107BD0000010491CC9B209F80010994201D309F8F4
:107BE00000B01AF80010491CC9B20AF800109942F6
:107BF00014D30AF800B011E018F8001099B1491E2A
:107C000008F8001019F8001081B1491E09F8001099
:107C10001AF8001069B1491E0AF8001000211A4A2A
:107C200092F800C020E008F80040EBE709F80040B7
:107C3000EEE70AF80040F1E718F80020134D00EBDA
:107C40004007AE5C124A02EB8702124F525CBE54F0
:107C500019F80060104FAE5DBE541AF80060AD5DBB
:107C60000E4EB554491CC9B26145E5D3401CC0B2A3
:107C700070459FD3BDE8F08F7C4E0100D0560020A8
:107C8000E04B0100B4020020E14B0100BC4D0100BB
:107C9000744B01001C5300209A53002018540020FC
:107CA0002DE9F04FFFF748F8334850214185012175
:107CB00081714FF0000980F809901621017180F858
:107CC00012904FF0400A80F81AA04FF0800B80F815
:107CD0001BB080F81C900020284991F800E03EE09D
:107CE00027490B5C03EB0A02264909788A4201D333
:107CF000521A92B2D6B2244A165403EB0B028A42AD
:107D000001D3521A92B2D7B21F4A2D32175403EB45
:107D100009028A4201D3511A8AB21B4902F0FF0CB0
:107D20005A3101F800C00021184A92F8008012E090
:107D3000184A00EB400502EB8502154B525C164DCC
:107D40009C5DAC54154DDC5DAC54154C13F80C30F7
:107D5000A354491CC9B24145EAD3401CC0B2704586
:107D6000BED300200F4AFF211154401CC0B27E2810
:107D7000FAD3BDE8F08F0000B4020020E04B010010
:107D8000E34C01007C4E0100D0560020E14B010085
:107D9000BC4D0100744B01001C5300209A5300207D
:107DA00018540020965400202DE9F84F0020374940
:107DB000DFF8E090384D097E00913549864609F19B
:107DC0002D0A0B7809F15A0B591ECCB20099F1B16A
:107DD00019F80010491CC9B209F80010994201D3E2
:107DE00009F800E01AF80010491CC9B20AF800109E
:107DF000994201D30AF800E01BF80010491CC9B2EF
:107E00000BF80010994214D30BF800E011E019F8B8
:107E1000001081B3491E09F800101AF8001059B378
:107E2000491E0AF800101BF8001061B3491E0BF838
:107E300000100021194A19F800701AF800C01BF848
:107E40000060D75D12F80CC012F80680144A154E77
:107E500002EBC102125CB75405F802C0124E06F8DC
:107E60000280491CC9B21529F0D3401CC0B20628B3
:107E7000ACD3BDE8F88F00E002E009F80040CCE7A1
:107E80000AF80040CFE70BF80040D2E7B402002028
:107E90007C4E0100D05600209A530020BC4D0100BA
:107EA000E65001001C530020185400202DE9FC4F1F
:107EB000334B187904280FD0FEF73EFF6420588515
:107EC0000120987100205872042119719874402182
:107ED00099768021D97618770020997E0191D97EF4
:107EE0000091284993F81CE0274C0A78DFF89C8021
:107EF000DFF89C90DFF89CA0DFF89CB027490B5C72
:107F000001991944914201D3891A89B2CEB2244908
:107F10000E5400991944914201D3891A89B2CFB203
:107F20001F492D310F5403EB0E01914201D3891AE1
:107F300089B201F0FF0C1A495A3101F800C0002142
:107F400008EBC103A55D1B5C09F80350E55D0AF869
:107F5000035014F80C500BF80350491CC9B21529F2
:107F6000EED3401CC0B20628C8D300200D4AFF2122
:107F70001154401CC0B27E28FAD3BDE8FC8F00002B
:107F8000B40200207C4E0100BC4D0100E65001000F
:107F90001C5300209A53002018540020D14C01009B
:107FA000D0560020965400200649487C002808D16D
:107FB00001F13E00002202804FF4967242800120BF
:107FC000487470474402002006480178002908D10F
:107FD000012101700448002101800A210171FA2168
:107FE00041807047C70200207C020020FEF7A4BE3B
:107FF00000F0F6BF0178407841EA002070477047F2
:10800000A50A0801050400000000000000000001AE
:108010000000000000000000000000000000000060
:108020000000000000000000000000000000000050
:108030000000000000000000000000000000000040
:108040000000000000000000000000000000000030
:108050000000000000000000000000000000000020
:108060000000000000000000000000000000000010
:108070000000000000000000000000000000000000
:1080800000000000000000000000000000000000F0
:1080900000000000000000000000000000000000E0
:1080A00000000000000000000000000000000000D0
:1080B00000000000000000000000000000000000C0
:1080C00000000000000000000000000000000000B0
:1080D00000000000000000000000000000000000A0
:1080E0000000000000000000000000000000000090
:1080F0000000000000000000000000000000000080
:10810000000000000000000000000000000000006F
:10811000000000000000000000000000000000005F
:10812000000000000000000000000000000000004F
:10813000000000000000000000000000000000003F
:10814000000000000000000000000000000000002F
:10815000000000000000000000000000000000001F
:10816000000000000000000000000000000000000F
:1081700000000000000000000000000000000000FF
:1081800000000000000000000000000000000000EF
:1081900000000000000000000000000000000000DF
:1081A00000000000000000000000000000000000CF
:1081B00000000000000000000000000000000000BF
:1081C00000000000000000000000000000000000AF
:1081D000000000000000000000000000000000009F
:1081E000000000000000000000000000000000008F
:1081F000000000000000000000000000000000007F
:10820000A50A0801050400000000000000000001AC
:10821000000000000000000000000000000000005E
:10822000000000000000000000000000000000004E
:10823000000000000000000000000000000000003E
:10824000000000000000000000000000000000002E
:10825000000000000000000000000000000000001E
:10826000000000000000000000000000000000000E
:1082700000000000000000000000000000000000FE
:1082800000000000000000000000000000000000EE
:1082900000000000000000000000000000000000DE
:1082A00000000000000000000000000000000000CE
:1082B00000000000000000000000000000000000BE
:1082C00000000000000000000000000000000000AE
:1082D000000000000000000000000000000000009E
:1082E000000000000000000000000000000000008E
:1082F000000000000000000000000000000000007E
:10830000000000000000000000000000000000006D
:10831000000000000000000000000000000000005D
:10832000000000000000000000000000000000004D
:10833000000000000000000000000000000000003D
:10834000000000000000000000000000000000002D
:10835000000000000000000000000000000000001D
:10836000000000000000000000000000000000000D
:1083700000000000000000000000000000000000FD
:1083800000000000000000000000000000000000ED
:1083900000000000000000000000000000000000DD
:1083A00000000000000000000000000000000000CD
:1083B00000000000000000000000000000000000BD
:1083C00000000000000000000000000000000000AD
:1083D000000000000000000000000000000000009D
:1083E000000000000000000000000000000000008D
:1083F000000000000000000000000000000000007D
:10840000980898089808980898089808980898086C
:10841000980898089808980898089808980898085C
:10842000980898089808980898089808980898084C
:10843000980898089808980898089808980898083C
:10844000980898089808980898089808980898082C
:10845000980898089808980898089808980898081C
:10846000980898089808980898089808980898080C
:1084700098089808980898089808980898089808FC
:1084800098089808980898089808980898089808EC
:1084900098089808980898089808980898089808DC
:1084A00098089808980898089808980898089808CC
:1084B00098089808980898089808980898089808BC
:1084C00098089808980898089808980898089808AC
:1084D000980898089808980898089808980898089C
:1084E000980898089808980898089808980898088C
:1084F000980898089808980898089808980898087C
:108500006C076C076C076C076C076C076C076C07D3
:108510006C076C076C076C076C076C076C076C07C3
:108520006C076C076C076C076C076C076C076C07B3
:108530006C076C076C076C076C076C076C076C07A3
:108540006C076C076C076C076C076C076C076C0793
:108550006C076C076C076C076C076C076C076C0783
:108560006C076C076C076C076C076C076C076C0773
:108570006C076C076C076C076C076C076C076C0763
:108580006C076C076C076C076C076C076C076C0753
:108590006C076C076C076C076C076C076C076C0743
:1085A0006C076C076C076C076C076C076C076C0733
:1085B0006C076C076C076C076C076C076C076C0723
:1085C0006C076C076C076C076C076C076C076C0713
:1085D0006C076C076C076C076C076C076C076C0703
:1085E0006C076C076C076C076C076C076C076C07F3
:1085F0006C076C076C076C076C076C076C076C07E3
:108600002DE9F041564C00272146E07A497AFF23B4
:108610004A1CD5B2534A0126002811D0012827D17F
:108620005148007881422DD20020DFF840C101EB93
:1086300041010CEB8101DFF838C19CF800C01FE05C
:108640004C48007881420AD2DFF82CC11CF8118016
:1086500002F808300CEB410149785354657292F8E6
:1086600029100A2904D2617A814201D1E672677227
:10867000BDE8F08111F8008002F80830401CC0B25B
:108680006045F7D36572122DF2D3FEF755FBE07803
:10869000DFF8E880F8B1E7700A2060710820A07365
:1086A0006676052020750320A075277684F8237050
:1086B000A671FEF78DFC607908EB40004078E0730E
:1086C000A07BFF2803D0BDE8F04104F0FBBDBDE86E
:1086D000F041F8F7B3BA4FF4004595F80002A52829
:1086E00001D0F9F74FF905F2012528786071687813
:1086F000A073A8786076E87820752879A075A879A5
:108700002076E87984F82300687A1D490870687932
:108710001C490870A87A1C490870A671FEF758FC1D
:10872000607908EB40004078E07394F82350A07B18
:10873000FF2812D004F0C6FDA07800B1A77013483E
:10874000067084F82350FCF7BDFE1148007801281C
:108750008ED11049022008708AE7F8F76FFAEBE72C
:10876000B402002096540020E04B0100744B01003D
:10877000E14B01001E4B0100044B0100B84A01000F
:10878000A90000200A0300208200002061020020CE
:10879000440200207C00002070B50024054EFF2517
:1087A000355520460AF0AEFA641CE4B27E2CF7D3AD
:1087B00070BD0000965400202DE9F0470020284F9E
:1087C000391849783954401CC0B20928F8D314200C
:1087D0003A18395C5170401EC0B20928F8D2DFF84F
:1087E000848098F8110001281CD0787A40087872AB
:1087F000C00702D0012088F811000025DFF868903A
:10880000785D46080024F0071FD009EBC500174A21
:10881000005DFF21115498F80E1008290BD0FF2994
:108820000CD012E0787A400078720006E5D500207E
:1088300088F81100E1E70AF065FA06E009493431E9
:108840000979012901D10AF05DFA7608641CE4B2C5
:10885000062CD8D36D1CEDB2152DD1D3BDE8F08711
:10886000EA570020B4020020E65001009654002090
:108870002DE9F05FDFF8E8803A4EDFF8ECA098F8D9
:108880000400DFF8E8B04FF0FF090E2827D0FEF70C
:1088900053FA4FF4C870A8F82A00012588F806504A
:1088A000002088F809000E2088F8040088F812508B
:1088B00000212F4F7A5C725400200BEBC103940708
:1088C00002D51C5C0AF804905208401CC0B206286D
:1088D000F5D3491CC9B21529ECD388F8115098F882
:1088E0000E0008280BD2002498F80E102046FEF740
:1088F00045FA641CE4B27E2CF6D3BDE8F09FFF2855
:1089000003D117493431087978B100251548465DFF
:1089100000240BEBC507B00718D5385D0AF80090A6
:1089200098F80E1008290FD010E00020114A124BC1
:10893000124C4D7815548D781D54CD782554401C1B
:10894000C0B27E28F5D3D8E70AF0DCF97608641CBB
:10895000E4B2062CDFD36D1CEDB2152DD6D3CCE7D7
:10896000B4020020EA57002096540020E65001008F
:10897000F54C01001C5300209A530020185400208D
:10898000074A92F82610002908D1064900230B80D7
:10899000C8234B800871012082F826007047000030
:1089A000B4020020A60200200948817900290DD0D8
:1089B000002181710749827D895CC175428D4A43DE
:1089C0004FF4C871B2FBF1F18185C1857047000099
:1089D000B40200205D53010070B51E4D1C49687A39
:1089E000095C6973401CC0B268721B4909788842EF
:1089F00024D300266E72A87BFF2804D105F1340130
:108A00000979012901D0082818D1E87A401CE872B8
:108A10000024E97A2046FEF7B1F9641CE4B27E2C0A
:108A2000F7D3E87A082809D3EE720024E97A2046C1
:108A3000FEF7A4F9641CE4B27E2CF7D30020074AA9
:108A4000697B1154401CC0B27E28FAD370BD00006F
:108A50003A4D0100B4020020BB4D010096540020A5
:108A600030B51F4D0023287902280BD0FEF764F99A
:108A7000FF206873F02068850120A871022028710A
:108A8000AB746B72A87B082809D20024A97B20460E
:108A9000FEF774F9641CE4B27E2CF7D330BDFF28D6
:108AA00003D10F493431087950B1EB720024E97ACF
:108AB0002046FEF763F9641CE4B27E2CF7D330BD88
:108AC0000020084A084B094C4D7815548D781D54E8
:108AD000CD782554401CC0B27E28F5D330BD0000AF
:108AE000B40200201C5300209A5300201854002088
:108AF00030B5002009490A4A0A4C0B780A4D5B1E22
:108B0000115C994205D021B1491CC9B21154615C74
:108B10002954401CC0B27E28F2D330BDBA4D0100AA
:108B2000FB5800203A4D01009654002070B5234DAB
:108B30002879092809D0FEF7FFF8A02068850120D0
:108B4000A871092028710020A874A87B082809D2E0
:108B50000024A97B2046FEF711F9641CE4B27E2CA8
:108B6000F7D30DE0FF2803D1144934310879B0B1AF
:108B7000002420460AF0C6F8641CE4B27E2CF8D328
:108B800000201049FF230E4C09780F4A491EC9B234
:108B900023541154401CC0B27E28F9D370BD00206C
:108BA0000A4B0B4C0B4A4D781D548D782554CD78CB
:108BB0001554401CC0B27E28F5D3E1E7B402002072
:108BC00096540020BA4D0100FB5800201C53002091
:108BD0009A530020185400200649054A487912F893
:108BE00010308B7302EB40004078C8737047000070
:108BF000B84A0100B40200202DE9F04FDFF828B197
:108C00004A48DFF82C819BF90A100078494D4A4EFA
:108C10004A4F4B4C4FF0FF09814239DA4FF0000ABE
:108C20002DE09BF80E1008290AD29BF90A0000EBF0
:108C3000400004EB800010F80A00FEF79FF80FE0F8
:108C40009BF90A0000EB400004EB800118F80020BB
:108C500011F80A106A54404442787254807878546B
:108C60009BF90A0000EB400004EB800010F80A10AA
:108C7000344800F801900AF1010A0AF0FF0A32486C
:108C800000788245CDD39BF80A00401C8BF80A007F
:108C90009BF80E00FF2836D100208BF80A002348ED
:108CA000DFF884E00EF1340E90F800B026E00020EA
:108CB000254A92F800A01CE09EF804202AB301EB9C
:108CC000410204EB820318F802C01B5C05F803C0E4
:108CD000424492F801C006F803C09278FA5401EBBE
:108CE000410204EB8202135C164A02F80390401C16
:108CF000C0B25045E0D30C48491C81720A4B93F92D
:108D00000A105945D3DBBDE8F08F9EF8013001EB26
:108D1000410204EB8202125CAB549EF80230B35461
:108D20009EF80330BB54DAE7B4020020E04B0100A8
:108D3000E04A01001C5300209A53002018540020E0
:108D4000744B010096540020E14B010010B5084B14
:108D500000241879012808D0FDF7EEFF4FF4967033
:108D600058850120987118719C749C7210BD000088
:108D7000B402002030B5002009490A4A0A4C0B7899
:108D80000A4D5B1E115C994205D021B1491EC9B242
:108D90001154615C2954401CC0B27E28F2D330BD0E
:108DA000BA4D0100FB5800203A4D010096540020B6
:108DB00070B51C4D00262879072808D0FDF7BCFFA8
:108DC000A02068850120A87107202871AE74A87BB7
:108DD000082809D20024A97B2046FDF7CFFF641C98
:108DE000E4B27E2CF7D313E0FF2811D10D493431C2
:108DF000087968B900200C4A0C4B0D4C4D7815547D
:108E00008D781D54CD782554401CC0B27E28F5D3F2
:108E100000200849084A0E541654401CC0B27E284F
:108E2000F9D370BDB40200201C5300209A530020D7
:108E30001854002096540020FB5800202DE9F041E2
:108E40002848294E294C017E2A48294F2A4D00786E
:108E5000DFF8A8C0002923D00021625C521CD2B2E6
:108E60006254824201D3121A6254625C134615F8AE
:108E7000028006F801804032824201D3121A92B277
:108E8000AA5C7A548033834201D31A1A93B2EA5C03
:108E90000CF80120491CC9B27E29DED3BDE8F0815F
:108EA0000021625CDAB1521E6254625C134615F80E
:108EB000028006F801804032824201D3121A92B237
:108EC000AA5C7A548033834201D31A1A93B2EA5CC3
:108ED0000CF80120491CC9B27E29E2D3DEE7421E0C
:108EE0006254E2E7B40200201C5300207D580020A9
:108EF0009A5300207C4E0100BC4D01001854002004
:108F00002DE9F047FDF718FF214801210173FF27E4
:108F100047736422428581710521017100218174AA
:108F2000417200201F49DFF86C801B4CDFF86CC0D9
:108F3000DFF86CA009781C4EDFF8709018F8032059
:108F40000CF80020B55C255402F140058D4201D398
:108F50006D1AADB2755D0AF8005080328A4201D3B5
:108F6000521A92B2B25C09F800205B1CDBB2062BED
:108F700000D30023401CC0B27E28DFD300200C4960
:108F80000F54401CC0B27E28FAD3BDE8F087000021
:108F9000B4020020EF4C01001C5300207D5800203B
:108FA0009A5300207C4E0100BC4D01001854002053
:108FB0009654002000B5094B18791C280CD0FDF7F9
:108FC000BBFE4FF4C870588501209871002058727C
:108FD0001C2119719874987200BD0000B402002021
:108FE0000020044A00211154401CC0B20A28FAD3C0
:108FF00070470000AC5D002010B5F9F729F910BDED
:1090000000000012450CD680170100006601000028
:10901000000000000F000000000000000000000041
:109020000000000000000000000000000000000040
:109030000000000000000000000000000000000030
:109040000000000000000000000000000000000020
:109050000000000000000000000000000000000010
:109060000000000000000000000000000000000000
:1090700000000000000000000000000000000000F0
:1090800000000000000000000000000000000000E0
:1090900000000000000000000000000000000000D0
:1090A00000000000000000000000000000000000C0
:1090B00000000000000000000000000000000000B0
:1090C00000000000000000000000000000000000A0
:1090D0000000000000000000000000000000000090
:1090E0000000000000000000000000000000000080
:1090F0000000000000000000000000000000000070
:10910000000000000000000000000000000000005F
:10911000000000000000000000000000000000004F
:10912000000000000000000000000000000000003F
:10913000000000000000000000000000000000002F
:10914000000000000000000000000000000000001F
:10915000000000000000000000000000000000000F
:1091600000000000000000000000000000000000FF
:1091700000000000000000000000000000000000EF
:1091800000000000000000000000000000000000DF
:1091900000000000000000000000000000000000CF
:1091A00000000000000000000000000000000000BF
:1091B00000000000000000000000000000000000AF
:1091C000000000000000000000000000000000009F
:1091D000000000000000000000000000000000008F
:1091E000000000000000000000000000000000007F
:1091F000000000000000000000000000000000006F
:109200000000000100060000000000010000010055
:10921000000000000000000000000000000000004E
:10922000000000000000000000000000000000003E
:10923000000000000000000000000000000000002E
:10924000000000000000000000000000000000001E
:10925000000000000000000000000000000000000E
:1092600000000000000000000000000000000000FE
:1092700000000000000000000000000000000000EE
:1092800000000000000000000000000000000000DE
:1092900000000000000000000000000000000000CE
:1092A00000000000000000000000000000000000BE
:1092B00000000000000000000000000000000000AE
:1092C000000000000000000000000000000000009E
:1092D000000000000000000000000000000000008E
:1092E000000000000000000000000000000000007E
:1092F000000000000000000000000000000000006E
:10930000000000000000000000000000000000005D
:10931000000000000000000000000000000000004D
:10932000000000000000000000000000000000003D
:10933000000000000000000000000000000000002D
:10934000000000000000000000000000000000001D
:10935000000000000000000000000000000000000D
:1093600000000000000000000000000000000000FD
:1093700000000000000000000000000000000000ED
:1093800000000000000000000000000000000000DD
:1093900000000000000000000000000000000000CD
:1093A00000000000000000000000000000000000BD
:1093B00000000000000000000000000000000000AD
:1093C000000000000000000000000000000000009D
:1093D000000000000000000000000000000000008D
:1093E000000000000000000000000000000000007D
:1093F000000000000000000000000000000000006D
:109400000000000100060000000000010000010053
:10941000000000000000000000000000000000004C
:10942000000000000000000000000000000000003C
:10943000000000000000000000000000000000002C
:10944000000000000000000000000000000000001C
:10945000000000000000000000000000000000000C
:1094600000000000000000000000000000000000FC
:1094700000000000000000000000000000000000EC
:1094800000000000000000000000000000000000DC
:1094900000000000000000000000000000000000CC
:1094A00000000000000000000000000000000000BC
:1094B00000000000000000000000000000000000AC
:1094C000000000000000000000000000000000009C
:1094D000000000000000000000000000000000008C
:1094E000000000000000000000000000000000007C
:1094F000000000000000000000000000000000006C
:10950000000000000000000000000000000000005B
:10951000000000000000000000000000000000004B
:10952000000000000000000000000000000000003B
:10953000000000000000000000000000000000002B
:10954000000000000000000000000000000000001B
:10955000000000000000000000000000000000000B
:1095600000000000000000000000000000000000FB
:1095700000000000000000000000000000000000EB
:1095800000000000000000000000000000000000DB
:1095900000000000000000000000000000000000CB
:1095A00000000000000000000000000000000000BB
:1095B00000000000000000000000000000000000AB
:1095C000000000000000000000000000000000009B
:1095D000000000000000000000000000000000008B
:1095E000000000000000000000000000000000007B
:1095F000000000000000000000000000000000006B
:109600000200290002003A0002003B0002003C0078
:1096100002003D0002003E0002003F000200400048
:109620000200410002004200020043000200440028
:1096300002004500000000000000000000000000E3
:109640000200350002001E0002001F000200200080
:109650000200210002002200020023000200240078
:1096600002002500020026000200270002002D0053
:1096700002002E00020053000200540002005500B8
:1096800002002B000200140002001A000200080071
:10969000020015000200170002001C000200180062
:1096A00002000C00020012000200130002002F0052
:1096B0000200300002005F00020060000200610052
:1096C000020039000B030407020016000B03040715
:1096D0000200090002000A0002000B0002000D0057
:1096E00002000E0002000F000200330002003400EE
:1096F0000200310002005C0002005D0002005E001A
:109700000200E10002001D0002001B000200060032
:109710000200190002000500020011000200100002
:109720000200360002003700020038000200E500A7
:10973000020028000200590002005A0002005B00EB
:109740000200E0000200E3000200E20002002C0040
:109750000200E6000200AF00020065000200E40023
:1097600002005000020051000200520002004F00AF
:1097700002002A000200620002006300020058009A
:109780000392010002003200020064000200460061
:10979000020047000200E700020048000200490002
:1097A00002004A0002004B0002004C0002004D0083
:1097B00002004E00035600000200570002000000A5
:1097C0000000000000000000000000000000000099
:1097D0000000000000000000000000000000000089
:1097E0000000000000000000000000000000000079
:1097F0000000000000000000000000000000000069
:1098000000FFFFFFFF000000010505000000AA5552
:109810000000000000000000000000000000000048
:109820000000000000000000000000000000000038
:109830000000000000000000000000000000000028
:109840000000000000000000000000000000000018
:109850000000000000000000000000000000000008
:1098600000000000000000000000000000000000F8
:1098700000000000000000000000000000000000E8
:1098800000000000000000000000000000000000D8
:1098900000000000000000000000000000000000C8
:1098A00000000000000000000000000000000000B8
:1098B00000000000000000000000000000000000A8
:1098C0000000000000000000000000000000000098
:1098D0000000000000000000000000000000000088
:1098E0000000000000000000000000000000000078
:1098F0000000000000000000000000000000000068
:109900000000000000000000000000000000000057
:109910000000000000000000000000000000000047
:109920000000000000000000000000000000000037
:109930000000000000000000000000000000000027
:109940000000000000000000000000000000000017
:109950000000000000000000000000000000000007
:1099600000000000000000000000000000000000F7
:1099700000000000000000000000000000000000E7
:1099800000000000000000000000000000000000D7
:1099900000000000000000000000000000000000C7
:1099A00000000000000000000000000000000000B7
:1099B00000000000000000000000000000000000A7
:1099C0000000000000000000000000000000000097
:1099D0000000000000000000000000000000000087
:1099E0000000000000000000000000000000000077
:1099F0000000000000000000000000000000000067
:109A00000000000000000000000000000000000056
:109A10000000000000000000000000000000000046
:109A20000000000000000000000000000000000036
:109A30000000000000000000000000000000000026
:109A40000000000000000000000000000000000016
:109A50000000000000000000000000000000000006
:109A600000000000000000000000000000000000F6
:109A700000000000000000000000000000000000E6
:109A800000000000000000000000000000000000D6
:109A900000000000000000000000000000000000C6
:109AA00000000000000000000000000000000000B6
:109AB00000000000000000000000000000000000A6
:109AC0000000000000000000000000000000000096
:109AD0000000000000000000000000000000000086
:109AE0000000000000000000000000000000000076
:109AF0000000000000000000000000000000000066
:109B00000000000000000000000000000000000055
:109B10000000000000000000000000000000000045
:109B20000000000000000000000000000000000035
:109B30000000000000000000000000000000000025
:109B40000000000000000000000000000000000015
:109B50000000000000000000000000000000000005
:109B600000000000000000000000000000000000F5
:109B700000000000000000000000000000000000E5
:109B800000000000000000000000000000000000D5
:109B900000000000000000000000000000000000C5
:109BA00000000000000000000000000000000000B5
:109BB00000000000000000000000000000000000A5
:109BC0000000000000000000000000000000000095
:109BD0000000000000000000000000000000000085
:109BE0000000000000000000000000000000000075
:109BF0000000000000000000000000000000000065
:109C00000000000000000000000000000000000054
:109C10000000000000000000000000000000000044
:109C20000000000000000000000000000000000034
:109C30000000000000000000000000000000000024
:109C40000000000000000000000000000000000014
:109C50000000000000000000000000000000000004
:109C600000000000000000000000000000000000F4
:109C700000000000000000000000000000000000E4
:109C800000000000000000000000000000000000D4
:109C900000000000000000000000000000000000C4
:109CA00000000000000000000000000000000000B4
:109CB00000000000000000000000000000000000A4
:109CC0000000000000000000000000000000000094
:109CD0000000000000000000000000000000000084
:109CE0000000000000000000000000000000000074
:109CF0000000000000000000000000000000000064
:109D00000000000000000000000000000000000053
:109D10000000000000000000000000000000000043
:109D20000000000000000000000000000000000033
:109D30000000000000000000000000000000000023
:109D40000000000000000000000000000000000013
:109D50000000000000000000000000000000000003
:109D600000000000000000000000000000000000F3
:109D700000000000000000000000000000000000E3
:109D800000000000000000000000000000000000D3
:109D900000000000000000000000000000000000C3
:109DA00000000000000000000000000000000000B3
:109DB00000000000000000000000000000000000A3
:109DC0000000000000000000000000000000000093
:109DD0000000000000000000000000000000000083
:109DE0000000000000000000000000000000000073
:109DF0000000000000000000000000000000000063
:109E00000000000000000000000000000000000052
:109E10000000000000000000000000000000000042
:109E20000000000000000000000000000000000032
:109E30000000000000000000000000000000000022
:109E40000000000000000000000000000000000012
:109E50000000000000000000000000000000000002
:109E600000000000000000000000000000000000F2
:109E700000000000000000000000000000000000E2
:109E800000000000000000000000000000000000D2
:109E900000000000000000000000000000000000C2
:109EA00000000000000000000000000000000000B2
:109EB00000000000000000000000000000000000A2
:109EC0000000000000000000000000000000000092
:109ED0000000000000000000000000000000000082
:109EE0000000000000000000000000000000000072
:109EF0000000000000000000000000000000000062
:109F00000000000000000000000000000000000051
:109F10000000000000000000000000000000000041
:109F20000000000000000000000000000000000031
:109F30000000000000000000000000000000000021
:109F40000000000000000000000000000000000011
:109F50000000000000000000000000000000000001
:109F600000000000000000000000000000000000F1
:109F700000000000000000000000000000000000E1
:109F800000000000000000000000000000000000D1
:109F900000000000000000000000000000000000C1
:109FA00000000000000000000000000000000000B1
:109FB00000000000000000000000000000000000A1
:109FC0000000000000000000000000000000000091
:109FD0000000000000000000000000000000000081
:109FE0000000000000000000000000000000000071
:109FF0000000000000000000000000000000000061
:10A000000000000000000000000000000000000050
:10A010000000000000000000000000000000000040
:10A020000000000000000000000000000000000030
:10A030000000000000000000000000000000000020
:10A040000000000000000000000000000000000010
:10A050000000000000000000000000000000000000
:10A0600000000000000000000000000000000000F0
:10A0700000000000000000000000000000000000E0
:10A0800000000000000000000000000000000000D0
:10A0900000000000000000000000000000000000C0
:10A0A00000000000000000000000000000000000B0
:10A0B00000000000000000000000000000000000A0
:10A0C0000000000000000000000000000000000090
:10A0D0000000000000000000000000000000000080
:10A0E0000000000000000000000000000000000070
:10A0F0000000000000000000000000000000000060
:10A10000000000000000000000000000000000004F
:10A11000000000000000000000000000000000003F
:10A12000000000000000000000000000000000002F
:10A13000000000000000000000000000000000001F
:10A14000000000000000000000000000000000000F
:10A1500000000000000000000000000000000000FF
:10A1600000000000000000000000000000000000EF
:10A1700000000000000000000000000000000000DF
:10A1800000000000000000000000000000000000CF
:10A1900000000000000000000000000000000000BF
:10A1A00000000000000000000000000000000000AF
:10A1B000000000000000000000000000000000009F
:10A1C000000000000000000000000000000000008F
:10A1D000000000000000000000000000000000007F
:10A1E000000000000000000000000000000000006F
:10A1F000000000000000000000000000000000005F
:10A20000000000000000000000000000000000004E
:10A21000000000000000000000000000000000003E
:10A22000000000000000000000000000000000002E
:10A23000000000000000000000000000000000001E
:10A24000000000000000000000000000000000000E
:10A2500000000000000000000000000000000000FE
:10A2600000000000000000000000000000000000EE
:10A2700000000000000000000000000000000000DE
:10A2800000000000000000000000000000000000CE
:10A2900000000000000000000000000000000000BE
:10A2A00000000000000000000000000000000000AE
:10A2B000000000000000000000000000000000009E
:10A2C000000000000000000000000000000000008E
:10A2D000000000000000000000000000000000007E
:10A2E000000000000000000000000000000000006E
:10A2F000000000000000000000000000000000005E
:10A30000000000000000000000000000000000004D
:10A31000000000000000000000000000000000003D
:10A32000000000000000000000000000000000002D
:10A33000000000000000000000000000000000001D
:10A34000000000000000000000000000000000000D
:10A3500000000000000000000000000000000000FD
:10A3600000000000000000000000000000000000ED
:10A3700000000000000000000000000000000000DD
:10A3800000000000000000000000000000000000CD
:10A3900000000000000000000000000000000000BD
:10A3A00000000000000000000000000000000000AD
:10A3B000000000000000000000000000000000009D
:10A3C000000000000000000000000000000000008D
:10A3D000000000000000000000000000000000007D
:10A3E000000000000000000000000000000000006D
:10A3F000000000000000000000000000000000005D
:10A40000000000000000000000000000000000004C
:10A41000000000000000000000000000000000003C
:10A42000000000000000000000000000000000002C
:10A43000000000000000000000000000000000001C
:10A44000000000000000000000000000000000000C
:10A4500000000000000000000000000000000000FC
:10A4600000000000000000000000000000000000EC
:10A4700000000000000000000000000000000000DC
:10A4800000000000000000000000000000000000CC
:10A4900000000000000000000000000000000000BC
:10A4A00000000000000000000000000000000000AC
:10A4B000000000000000000000000000000000009C
:10A4C000000000000000000000000000000000008C
:10A4D000000000000000000000000000000000007C
:10A4E000000000000000000000000000000000006C
:10A4F000000000000000000000000000000000005C
:10A50000000000000000000000000000000000004B
:10A51000000000000000000000000000000000003B
:10A52000000000000000000000000000000000002B
:10A53000000000000000000000000000000000001B
:10A54000000000000000000000000000000000000B
:10A5500000000000000000000000000000000000FB
:10A5600000000000000000000000000000000000EB
:10A5700000000000000000000000000000000000DB
:10A5800000000000000000000000000000000000CB
:10A5900000000000000000000000000000000000BB
:10A5A00000000000000000000000000000000000AB
:10A5B000000000000000000000000000000000009B
:10A5C000000000000000000000000000000000008B
:10A5D000000000000000000000000000000000007B
:10A5E000000000000000000000000000000000006B
:10A5F000000000000000000000000000000000005B
:10A60000000000000000000000000000000000004A
:10A61000000000000000000000000000000000003A
:10A62000000000000000000000000000000000002A
:10A63000000000000000000000000000000000001A
:10A64000000000000000000000000000000000000A
:10A6500000000000000000000000000000000000FA
:10A6600000000000000000000000000000000000EA
:10A6700000000000000000000000000000000000DA
:10A6800000000000000000000000000000000000CA
:10A6900000000000000000000000000000000000BA
:10A6A00000000000000000000000000000000000AA
:10A6B000000000000000000000000000000000009A
:10A6C000000000000000000000000000000000008A
:10A6D000000000000000000000000000000000007A
:10A6E000000000000000000000000000000000006A
:10A6F000000000000000000000000000000000005A
:10A700000000000000000000000000000000000049
:10A710000000000000000000000000000000000039
:10A720000000000000000000000000000000000029
:10A730000000000000000000000000000000000019
:10A740000000000000000000000000000000000009
:10A7500000000000000000000000000000000000F9
:10A7600000000000000000000000000000000000E9
:10A7700000000000000000000000000000000000D9
:10A7800000000000000000000000000000000000C9
:10A7900000000000000000000000000000000000B9
:10A7A00000000000000000000000000000000000A9
:10A7B0000000000000000000000000000000000099
:10A7C0000000000000000000000000000000000089
:10A7D0000000000000000000000000000000000079
:10A7E0000000000000000000000000000000000069
:10A7F0000000000000000000000000000000000059
:10A800000000000000000000000000000000000048
:10A810000000000000000000000000000000000038
:10A820000000000000000000000000000000000028
:10A830000000000000000000000000000000000018
:10A840000000000000000000000000000000000008
:10A8500000000000000000000000000000000000F8
:10A8600000000000000000000000000000000000E8
:10A8700000000000000000000000000000000000D8
:10A8800000000000000000000000000000000000C8
:10A8900000000000000000000000000000000000B8
:10A8A00000000000000000000000000000000000A8
:10A8B0000000000000000000000000000000000098
:10A8C0000000000000000000000000000000000088
:10A8D0000000000000000000000000000000000078
:10A8E0000000000000000000000000000000000068
:10A8F0000000000000000000000000000000000058
:10A900000000000000000000000000000000000047
:10A910000000000000000000000000000000000037
:10A920000000000000000000000000000000000027
:10A930000000000000000000000000000000000017
:10A940000000000000000000000000000000000007
:10A9500000000000000000000000000000000000F7
:10A9600000000000000000000000000000000000E7
:10A9700000000000000000000000000000000000D7
:10A9800000000000000000000000000000000000C7
:10A9900000000000000000000000000000000000B7
:10A9A00000000000000000000000000000000000A7
:10A9B0000000000000000000000000000000000097
:10A9C0000000000000000000000000000000000087
:10A9D0000000000000000000000000000000000077
:10A9E0000000000000000000000000000000000067
:10A9F0000000000000000000000000000000000057
:10AA00000000000000000000000000000000000046
:10AA10000000000000000000000000000000000036
:10AA20000000000000000000000000000000000026
:10AA30000000000000000000000000000000000016
:10AA40000000000000000000000000000000000006
:10AA500000000000000000000000000000000000F6
:10AA600000000000000000000000000000000000E6
:10AA700000000000000000000000000000000000D6
:10AA800000000000000000000000000000000000C6
:10AA900000000000000000000000000000000000B6
:10AAA00000000000000000000000000000000000A6
:10AAB0000000000000000000000000000000000096
:10AAC0000000000000000000000000000000000086
:10AAD0000000000000000000000000000000000076
:10AAE0000000000000000000000000000000000066
:10AAF0000000000000000000000000000000000056
:10AB00000000000000000000000000000000000045
:10AB10000000000000000000000000000000000035
:10AB20000000000000000000000000000000000025
:10AB30000000000000000000000000000000000015
:10AB40000000000000000000000000000000000005
:10AB500000000000000000000000000000000000F5
:10AB600000000000000000000000000000000000E5
:10AB700000000000000000000000000000000000D5
:10AB800000000000000000000000000000000000C5
:10AB900000000000000000000000000000000000B5
:10ABA00000000000000000000000000000000000A5
:10ABB0000000000000000000000000000000000095
:10ABC0000000000000000000000000000000000085
:10ABD0000000000000000000000000000000000075
:10ABE0000000000000000000000000000000000065
:10ABF0000000000000000000000000000000000055
:10AC00000000000000000000000000000000000044
:10AC10000000000000000000000000000000000034
:10AC20000000000000000000000000000000000024
:10AC30000000000000000000000000000000000014
:10AC40000000000000000000000000000000000004
:10AC500000000000000000000000000000000000F4
:10AC600000000000000000000000000000000000E4
:10AC700000000000000000000000000000000000D4
:10AC800000000000000000000000000000000000C4
:10AC900000000000000000000000000000000000B4
:10ACA00000000000000000000000000000000000A4
:10ACB0000000000000000000000000000000000094
:10ACC0000000000000000000000000000000000084
:10ACD0000000000000000000000000000000000074
:10ACE0000000000000000000000000000000000064
:10ACF0000000000000000000000000000000000054
:10AD00000000000000000000000000000000000043
:10AD10000000000000000000000000000000000033
:10AD20000000000000000000000000000000000023
:10AD30000000000000000000000000000000000013
:10AD40000000000000000000000000000000000003
:10AD500000000000000000000000000000000000F3
:10AD600000000000000000000000000000000000E3
:10AD700000000000000000000000000000000000D3
:10AD800000000000000000000000000000000000C3
:10AD900000000000000000000000000000000000B3
:10ADA00000000000000000000000000000000000A3
:10ADB0000000000000000000000000000000000093
:10ADC0000000000000000000000000000000000083
:10ADD0000000000000000000000000000000000073
:10ADE0000000000000000000000000000000000063
:10ADF0000000000000000000000000000000000053
:10AE00000000000000000000000000000000000042
:10AE10002DE9F0470120DFF8908008F1150908EBD3
:10AE2000000218F8001002F8011CC0F1150101EB36
:10AE3000090212F8012C09F80120401CC0B21528A3
:10AE4000EDD3002088F8140089F800000024174F83
:10AE5000DFF85CA018F8046019F804000643002528
:10AE6000F00715D00AEBC400124A405DFF211154CF
:10AE7000B97B082902D0FF2903D009E007F042FF7F
:10AE800006E00A4934310979012901D107F03AFF76
:10AE900076086D1CEDB2062DE2D3641CE4B2152CCD
:10AEA000D8D3BDE8F087000096570020B4020020F8
:10AEB000E65001009654002030B51D4D2879082831
:10AEC00014D0FBF739FF962068850120A871002176
:10AED000697208222A71A8740020164AA2F115038B
:10AEE00011541954401CC0B21528F9D3A87B082866
:10AEF00009D20024A97B2046FBF740FF641CE4B282
:10AF00007E2CF7D330BDFF28FCD1094934310879B4
:10AF10000028F7D1084A094C094B4D7815548D7813
:10AF20002554CD781D54401CC0B27E28F5D330BDC9
:10AF3000B4020020AB5700201C5300209A5300207D
:10AF4000185400202DE9F0471C4F787A401C787285
:10AF50000024DFF86C90DFF86C8019F804004000E2
:10AF600009F80400000602D5012009F8040019F8C8
:10AF700004600025F00715D008EBC400124A405DBC
:10AF8000FF211154B97B082902D0FF2903D009E021
:10AF900007F0B8FE06E0094934310979012901D1E9
:10AFA00007F0B0FE76086D1CEDB2062DE2D3641CEE
:10AFB000E4B2152CD1D3BDE8F0870000B402002024
:10AFC00096570020E65001009654002010B50B491A
:10AFD000887A401C40B2887207280DDB08208873ED
:10AFE000FBF7AAFEF6F7CEFCF5F79AFEFCF728F978
:10AFF000BDE8104003F03EBB10BD0000B4020020CD
:10B000000200290000000000000000000000000015
:10B010000000000000000000000000000000000030
:10B020000000000000000000000000000000000020
:10B030000000000000000000000000000000000010
:10B040000200350002001E0002001F000200200066
:10B05000020021000200220002002300020024005E
:10B0600002002500020026000200270002002D0039
:10B0700002002E000200530002005400020055009E
:10B0800002002B000200140002001A000200080057
:10B09000020015000200170002001C000200180048
:10B0A00002000C00020012000200130002002F0038
:10B0B0000200300002005F00020060000200610038
:10B0C000020039000200040002001600020007001E
:10B0D000020009000D00005702000B0002000D00E5
:10B0E0000D00005B0D00001B020033000200340065
:10B0F0000200310002005C0002005D0002005E0000
:10B100000200E10002001D0002001B000200060018
:10B110000200190002000500020011000D000009E4
:10B120000200360002003700020038000D00000B5C
:10B130000D00000C0200590002005A0002005B00E2
:10B140000200E0000D0000160000000002002C00CC
:10B150000200E6000200AF00020065000200E40009
:10B160000D0000100D00000E0D00000D0D00000F71
:10B170000200470002006200020063000200580063
:10B180000392010002003200020064000200460047
:10B19000020047000200E7000200480002004900E8
:10B1A00002004A0002004B000D00000102004800AE
:10B1B00002004E000356000002005700020000008B
:10B1C000000000000000000000000000000000007F
:10B1D000000000000000000000000000000000006F
:10B1E000000000000000000000000000000000005F
:10B1F000000000000000000000000000000000004F
:10B20000000000000000000000000000000000003E
:10B21000000000000000000000000000000000002E
:10B22000000000000000000000000000000000001E
:10B23000000000000000000000000000000000000E
:10B2400000000000000000000000000000000000FE
:10B2500000000000000000000000000000000000EE
:10B2600000000000000000000000000000000000DE
:10B2700000000000000000000000000000000000CE
:10B2800000000000000000000000000000000000BE
:10B2900000000000000000000000000000000000AE
:10B2A000000000000000000000000000000000009E
:10B2B000000000000000000000000000000000008E
:10B2C000000000000000000000000000000000007E
:10B2D000000000000000000000000000000000006E
:10B2E000000000000000000000000000000000005E
:10B2F000000000000000000000000000000000004E
:10B30000000000000000000000000000000000003D
:10B31000000000000000000000000000000000002D
:10B32000000000000000000000000000000000001D
:10B33000000000000000000000000000000000000D
:10B3400000000000000000000000000000000000FD
:10B3500000000000000000000000000000000000ED
:10B3600000000000000000000000000000000000DD
:10B3700000000000000000000000000000000000CD
:10B3800000000000000000000000000000000000BD
:10B3900000000000000000000000000000000000AD
:10B3A000000000000000000000000000000000009D
:10B3B000000000000000000000000000000000008D
:10B3C000000000000000000000000000000000007D
:10B3D000000000000000000000000000000000006D
:10B3E000000000000000000000000000000000005D
:10B3F000000000000000000000000000000000004D
:10B40000000000000000000000000000000000003C
:10B41000000000000000000000000000000000002C
:10B42000000000000000000000000000000000001C
:10B43000000000000000000000000000000000000C
:10B4400000000000000000000000000000000000FC
:10B4500000000000000000000000000000000000EC
:10B4600000000000000000000000000000000000DC
:10B4700000000000000000000000000000000000CC
:10B4800000000000000000000000000000000000BC
:10B4900000000000000000000000000000000000AC
:10B4A000000000000000000000000000000000009C
:10B4B000000000000000000000000000000000008C
:10B4C000000000000000000000000000000000007C
:10B4D000000000000000000000000000000000006C
:10B4E000000000000000000000000000000000005C
:10B4F000000000000000000000000000000000004C
:10B50000000000000000000000000000000000003B
:10B51000000000000000000000000000000000002B
:10B52000000000000000000000000000000000001B
:10B53000000000000000000000000000000000000B
:10B5400000000000000000000000000000000000FB
:10B5500000000000000000000000000000000000EB
:10B5600000000000000000000000000000000000DB
:10B5700000000000000000000000000000000000CB
:10B5800000000000000000000000000000000000BB
:10B5900000000000000000000000000000000000AB
:10B5A000000000000000000000000000000000009B
:10B5B000000000000000000000000000000000008B
:10B5C000000000000000000000000000000000007B
:10B5D000000000000000000000000000000000006B
:10B5E000000000000000000000000000000000005B
:10B5F000000000000000000000000000000000004B
:10B60000000000000000000000000000000000003A
:10B61000000000000000000000000000000000002A
:10B62000000000000000000000000000000000001A
:10B63000000000000000000000000000000000000A
:10B6400000000000000000000000000000000000FA
:10B6500000000000000000000000000000000000EA
:10B6600000000000000000000000000000000000DA
:10B6700000000000000000000000000000000000CA
:10B6800000000000000000000000000000000000BA
:10B6900000000000000000000000000000000000AA
:10B6A000000000000000000000000000000000009A
:10B6B000000000000000000000000000000000008A
:10B6C000000000000000000000000000000000007A
:10B6D000000000000000000000000000000000006A
:10B6E000000000000000000000000000000000005A
:10B6F000000000000000000000000000000000004A
:10B700000000000000000000000000000000000039
:10B710000000000000000000000000000000000029
:10B720000000000000000000000000000000000019
:10B730000000000000000000000000000000000009
:10B7400000000000000000000000000000000000F9
:10B7500000000000000000000000000000000000E9
:10B7600000000000000000000000000000000000D9
:10B7700000000000000000000000000000000000C9
:10B7800000000000000000000000000000000000B9
:10B7900000000000000000000000000000000000A9
:10B7A0000000000000000000000000000000000099
:10B7B0000000000000000000000000000000000089
:10B7C0000000000000000000000000000000000079
:10B7D0000000000000000000000000000000000069
:10B7E0000000000000000000000000000000000059
:10B7F0000000000000000000000000000000000049
:10B800000000000000000000000000000000000038
:10B810000000000000000000000000000000000028
:10B820000000000000000000000000000000000018
:10B830000000000000000000000000000000000008
:10B8400000000000000000000000000000000000F8
:10B8500000000000000000000000000000000000E8
:10B8600000000000000000000000000000000000D8
:10B8700000000000000000000000000000000000C8
:10B8800000000000000000000000000000000000B8
:10B8900000000000000000000000000000000000A8
:10B8A0000000000000000000000000000000000098
:10B8B0000000000000000000000000000000000088
:10B8C0000000000000000000000000000000000078
:10B8D0000000000000000000000000000000000068
:10B8E0000000000000000000000000000000000058
:10B8F0000000000000000000000000000000000048
:10B900000000000000000000000000000000000037
:10B910000000000000000000000000000000000027
:10B920000000000000000000000000000000000017
:10B930000000000000000000000000000000000007
:10B9400000000000000000000000000000000000F7
:10B9500000000000000000000000000000000000E7
:10B9600000000000000000000000000000000000D7
:10B9700000000000000000000000000000000000C7
:10B9800000000000000000000000000000000000B7
:10B9900000000000000000000000000000000000A7
:10B9A0000000000000000000000000000000000097
:10B9B0000000000000000000000000000000000087
:10B9C0000000000000000000000000000000000077
:10B9D0000000000000000000000000000000000067
:10B9E0000000000000000000000000000000000057
:10B9F0000000000000000000000000000000000047
:10BA00000200290002003A0002003B0002003C0054
:10BA100002003D0002003E0002003F000200400024
:10BA20000200410002004200020043000200440004
:10BA300002004500000000000000000000000000BF
:10BA40000200350002001E0002001F00020020005C
:10BA50000200210002002200020023000200240054
:10BA600002002500020026000200270002002D002F
:10BA700002002E0002005300020054000200550094
:10BA800002002B000200140002001A00020008004D
:10BA9000020015000200170002001C00020018003E
:10BAA00002000C00020012000200130002002F002E
:10BAB0000200300002005F0002006000020061002E
:10BAC000020039000B030407020016000B030407F1
:10BAD0000200090002000A0002000B0002000D0033
:10BAE00002000E0002000F000200330002003400CA
:10BAF0000200310002005C0002005D0002005E00F6
:10BB00000200E10002001D0002001B00020006000E
:10BB100002001900020005000200110002001000DE
:10BB20000200360002003700020038000200E50083
:10BB3000020028000200590002005A0002005B00C7
:10BB40000200E0000200E3000200E20002002C001C
:10BB50000200E6000200AF00020065000200E400FF
:10BB600002005000020051000200520002004F008B
:10BB700002002A0002006200020063000200580076
:10BB8000039201000200320002006400020046003D
:10BB9000020047000200E7000200480002004900DE
:10BBA00002004A0002004B0002004C0002004D005F
:10BBB00002004E0003560000020057000200000081
:10BBC0000000000000000000000000000000000075
:10BBD0000000000000000000000000000000000065
:10BBE0000000000000000000000000000000000055
:10BBF0000000000000000000000000000000000045
:10BC00000200290000000000000000000000000009
:10BC10000000000000000000000000000000000024
:10BC20000000000000000000000000000000000014
:10BC30000000000000000000000000000000000004
:10BC40000200350002001E0002001F00020020005A
:10BC50000200210002002200020023000200240052
:10BC600002002500020026000200270002002D002D
:10BC700002002E0002005300020054000200550092
:10BC800002002B000200140002001A00020008004B
:10BC9000020015000200170002001C00020018003C
:10BCA00002000C00020012000200130002002F002C
:10BCB0000200300002005F0002006000020061002C
:10BCC0000200390002000400020016000200070012
:10BCD000020009000D00005702000B0002000D00D9
:10BCE0000D00005B0D00001B020033000200340059
:10BCF0000200310002005C0002005D0002005E00F4
:10BD00000200E10002001D0002001B00020006000C
:10BD10000200190002000500020011000D000009D8
:10BD20000200360002003700020038000D00000B50
:10BD30000D00000C0200590002005A0002005B00D6
:10BD40000200E0000D0000160000000002002C00C0
:10BD50000200E6000200AF00020065000200E400FD
:10BD60000D0000100D00000E0D00000D0D00000F65
:10BD70000200470002006200020063000200580057
:10BD8000039201000200320002006400020046003B
:10BD9000020047000200E7000200480002004900DC
:10BDA00002004A0002004B000D00000102004800A2
:10BDB00002004E000356000002005700020000007F
:10BDC0000000000000000000000000000000000073
:10BDD0000000000000000000000000000000000063
:10BDE0000000000000000000000000000000000053
:10BDF0000000000000000000000000000000000043
:10BE00002DE9F04F87B0FE480078002803D0FD48A8
:10BE10000078002875D1FC4800780690012870D081
:10BE200000200090F948FB494FF0010E90F8009077
:10BE3000F7480A782A2700780EFA02FE0EEA000E6A
:10BE4000F548F84CF84D006B0590F4484FF0000AA7
:10BE5000F64E0178F2480378EF4800790490EE48F6
:10BE600090F81580F24800780190F3E1DFF8C4C340
:10BE700000981CF8000052280AD1BEF1000F07D02C
:10BE8000B9F1000F04D01AB9022904D0032902D055
:10BE9000512807D012E086F8527085F8527084F865
:10BEA0005270ACE1BEF1000F08D0B9F1000F05D01F
:10BEB000012A03D1022904D0032902D0122807D075
:10BEC00012E086F8517085F8517084F8517096E14F
:10BED000DDF814C05FEA4C7C06D5B9F1000F03D041
:10BEE000B774AF74A7748AE144280BD152B9B9F181
:10BEF000000F07D086F844A085F844A084F8447069
:10BF00007DE1ACE144280CD1012A0AD1B9F1000F3E
:10BF100007D086F844700F2085F8440084F844A0C8
:10BF20006DE1C3B1012815D0022813D0032811D028
:10BF300004280FD005280DD006280BD0072809D0DB
:10BF4000082807D0092805D00A2803D00B2801D0DB
:10BF50000C2800D1AAB1D3B1012816D0022814D0E0
:10BF6000032812D0042810D007280ED008280CD09F
:10BF700009280AD00A2808D00B2806D00C2804D09B
:10BF800005E037542F54275439E1012A0ED03BB134
:10BF90000F280FD030280DD033280BD0482809D0D7
:10BFA0006BB137280AD0342808D008E037542F5412
:10BFB000275424E137542F54275420E12AB153B198
:10BFC000372806D0342804D005E037542F5427549E
:10BFD00015E1012A04D073B1BEF1000F04D00AE0CC
:10BFE00037542F5427540AE1522804D11AB9022990
:10BFF00006D0032904D093B1BEF1000F07D00EE0A4
:10C0000086F8527085F852A084F852A0F7E05128C3
:10C0100005D1012A03D102290FD003290DD03BB14C
:10C02000492811D04B280FD04C280DD04A280BD0CE
:10C0300002290DD003290BD011E086F8517085F844
:10C0400051A084F851A0DAE037542F542754D6E099
:10C05000DDF814C05FEA8C7C01D53C2804D00229AD
:10C0600009D0032907D017E086F83C7085F83C70AA
:10C0700084F83C70C3E0DFF8C0C19CF800C0BCF19C
:10C08000000F09D03A2807D133B186F83A7085F805
:10C090003A7084F83A70B2E0DDF818C0BCF1000FD5
:10C0A00023D1DFF898C11CF800C0BCF1000F07D005
:10C0B000DFF864B19BF823B0BBF1000F00D1ABB146
:10C0C000DDF810B0BBF1000F10D0DDF810B0BBF1FF
:10C0D0001D0F0BD006F800A005F800A004F800A082
:10C0E000DDF810B0BBF1020F25D088E0DFF850B1C9
:10C0F0001BF800B00BFB0CFB0BFB08FB4FEA9B4B48
:10C1000006F800B0DFF83CB11BF800B00BFB0CFBED
:10C110000BFB08FB4FEA9B4B05F800B0DFF828B19A
:10C120001BF800B00BFB0CFB0BFB08FB4FEA9B4B17
:10C1300004F800B0D4E716F800B0CDF80CB0BBF1AD
:10C14000000F1AD1DFF8F8B01BF800B0BBF1000FF8
:10C1500013D0BCF1000F10D0B8F1000F0DD015F8BE
:10C1600000B0BBF1000F01D005F800A014F800B03A
:10C17000BBF1000F01D004F800A015F800B0CDF815
:10C1800008B0BBF1000F1AD1DFF8B8B01BF800B04F
:10C19000BBF1000F13D0BCF1000F10D0B8F1000FAD
:10C1A0000DD0DDF80CB0BBF1000F01D006F800A0F7
:10C1B00014F800B0BBF1000F01D004F800A014F88F
:10C1C00000B0BBF1000F1AD1DFF87CB01BF800B053
:10C1D000BBF1000F13D0BCF1000F10D0B8F1000F6D
:10C1E0000DD0DDF808C0BCF1000F01D005F800A0AB
:10C1F00016F800C0BCF1000F01D006F800A025E041
:10C200006C030020440200206B0300208C000020FF
:10C21000A9000020A8000020B40200208200002015
:10C22000A600002010560020925500201455002032
:10C23000734B01001F4B0100810000209654002029
:10C240001C5300209A530020185400200098401CD2
:10C25000C0B20090DDE9000C6045FFF407AE07B006
:10C26000BDE8F08F30B57348734D0078002808D0D2
:10C270007248018829B941880180286B80F040000C
:10C280002863A87F002470B16D49088858B9488890
:10C2900008800879401EC0B20871296B81F40061E2
:10C2A000296300B9AC77E87F28B16648018811B9E5
:10C2B00041880180EC77687FB0B16349088898B9FC
:10C2C000488808800879401EC0B20871296B81F443
:10C2D0000071296300B96C7795F82400012803D117
:10C2E00085F82440FAF7ACFF95F8260078B1574955
:10C2F000088860B9488808800879401EC0B2087173
:10C30000296B81F40051296308B985F8264095F816
:10C31000270088B14E49088870B948880880087994
:10C32000401EC0B20871296B81F40041296318B91D
:10C3300085F8274047480470E87C70B14649088872
:10C3400058B9488808800879401EC0B20871296B26
:10C3500081F48061296300B9EC7440484049007859
:10C36000097808433F4907D0088828B948880880D9
:10C37000286B80F0100028633B4A107868B1088869
:10C3800058B90879401EC0B208714B880B80296BE0
:10C3900081F01001296300B9147095F8250068B187
:10C3A0003248018851B9418801800179491E0171E3
:10C3B000286B80F48040286385F82540286B20F0A6
:10C3C0000F0028632A490A78D20702D040F0010002
:10C3D00028630878800703D5286B40F002002863A3
:10C3E0000878400703D5286B40F0040028632148F3
:10C3F00001780120884020490978084203D0286B41
:10C4000040F008002863286BC10701D000BF00E09E
:10C4100000BF810701D500BF00E000BF410701D583
:10C4200000BF00E000BF000701D500BF30BD00BF66
:10C4300030BD00005A020020B40200208802002013
:10C44000940200209A0200208E020020A602002002
:10C45000AC020020410200207C0200205402002097
:10C46000550200208202002056020020A002002077
:10C47000E4620020A8000020A90000202DE9F05F60
:10C48000324F387910280BD0FAF756FC4FF42F7042
:10C4900078850120B8710021797210213971B87442
:10C4A000B87BDFF8A880082808F1340809D20024F6
:10C4B000B97B2046FAF762FC641CE4B27E2CF7D309
:10C4C00015E0FF2813D198F8040080B90020204916
:10C4D000204A214B98F801400C5498F8024014541B
:10C4E00098F803401C54401CC0B27E28F2D30024AC
:10C4F000DFF868A0DFF868B0DFF868901AF8046029
:10C500000BF804600025F00714D009EBC400164AAC
:10C51000405DFF211154B97B082902D0FF2903D0C7
:10C5200008E006F0EFFB05E098F80410012901D1BE
:10C5300006F0E8FB76086D1CEDB2062DE3D3641C13
:10C54000E4B2152CDAD3BDE8F09F0000B40200205D
:10C550001C5300209A530020185400200C4D010059
:10C5600096570020E65001009654002030B5FAF7A7
:10C57000E3FB154D4FF41670A885E88500236B7218
:10C5800012480370052028751D202871104803707B
:10C59000AB74AB7285F823300720A8730120A87014
:10C5A0000C4803700C4803700C480370FAF710FD38
:10C5B0000B4803700024A97B2046FAF7DFFB641CBC
:10C5C000E4B27E2CF7D330BDB402002082000020FC
:10C5D000F90000209200002093000020A900002014
:10C5E0009500002010B5114C114994F90A30D80774
:10C5F00007D0002000220A54401CC0B27E28FAD383
:10C6000006E00020FF220A54401CC0B27E28FAD364
:10C610005B1C58B2A072072807DBFAF78DFBFAF70C
:10C62000C7FEBDE8104002F025B810BDB4020020DE
:10C630009654002030B5FAF77FFB104D4FF416707A
:10C64000A885E88500206872052129751E212971B9
:10C650000B490870A874A87285F823000720A873F6
:10C660000120E870FAF7B4FC0024A97B2046FAF711
:10C6700085FB641CE4B27E2CF7D330BDB4020020ED
:10C68000F90000202DE9F047FAF756FB0120DFF80A
:10C69000908008F1150908EB000218F8001002F864
:10C6A000011CC0F1150101EB090212F8012C09F877
:10C6B0000120401C40B21528EDDB002088F8140052
:10C6C00089F800000024174FDFF85CA018F8040078
:10C6D00019F80410084346B20025F00715D00AEBFC
:10C6E000C400124A405DFF211154B97B082902D0D1
:10C6F000FF2903D009E006F005FB06E009493431C3
:10C700000979012901D106F0FDFA76106D1C6DB290
:10C71000062DE2DB641C64B2152CD7DBBDE8F08784
:10C7200096570020B4020020E650010096540020E5
:10C7300070B5234D2879132816D0FAF7FDFA4FF477
:10C74000C87068850120A8710021697213202871C2
:10C75000A974A97200201B4A02F11503115419543F
:10C76000401CC0B21528F9D3A87B082809D20024A0
:10C77000A97B2046FAF702FB641CE4B27E2CF7D3B7
:10C7800070BDFF2803D10E493431087940B100242F
:10C79000204606F0B7FA641CE4B27E2CF8D370BDD4
:10C7A0000020094A094B0A4C4D7815548D781D54C8
:10C7B000CD782554401CC0B27E28F5D370BD000052
:10C7C000B4020020965700201C5300209A530020EA
:10C7D000185400202DE9F04300201749184D194F37
:10C7E0000E7E1649DFF860C0DFF860800C7846B135
:10C7F000295C491CC9B22954A14206D300212954FD
:10C8000003E0295CA1B1491E295400212A5C0CEBEC
:10C81000C003BA5C13F8019008F80920491CC9B29A
:10C820000629F7D3401CC0B21528E0D3BDE8F08339
:10C83000611E2954E9E70000B4020020424C0100C7
:10C840008E560020E24B0100E65001009654002075
:10C850002DE9F047294D28790A2828D0FAF76CFAF3
:10C86000502068850120A871002068720A21297172
:10C870002874A8740021DFF88890DFF888C0224E61
:10C88000DFF88880224F19F801400CF801400020A1
:10C8900008EBC102335D12F800A007F80A30401C13
:10C8A000C0B20628F6D3491CC9B21529EBD3A87B20
:10C8B00008280AD20024A97B2046FAF75FFA641CF4
:10C8C000E4B27E2CF7D3BDE8F087FF2803D10B49F3
:10C8D0003431087918B1BDE8F047FAF711BE0020ED
:10C8E0000C4B0D4C0D4A4D781D548D782554CD7848
:10C8F0001554401CC0B27E28F5D3E4E7B4020020F2
:10C90000434C01008E560020E24B0100E65001002E
:10C91000965400201C5300209A53002018540020E5
:10C92000F0B500201849194E0D7819490F7824E008
:10C930001849097E41B1315C491CC9B23154A94240
:10C9400006D30021315403E0315CC9B1491E315492
:10C950000021124B00EB40021344DFF83CC0325C74
:10C960000F4C1CF8022013F801C004F80C20491CDD
:10C97000C9B20329F7D3401CC0B2B842D8D3F0BD26
:10C98000691E3154E4E70000424C01008E5600203D
:10C99000E94E0100B4020020E24B01007D4E01008F
:10C9A000965400202DE9F04F2C4D28790C282DD0DD
:10C9B000FAF7C2F9502068850120A871002068723A
:10C9C0000C2129712874A87400212A48DFF890806E
:10C9D000DFF890B0244EDFF89490254F90F800C017
:10C9E00012E01BF8014008F80140002001EB410271
:10C9F0004A44335D12F800A007F80A30401CC0B268
:10CA00000328F6D3491CC9B26145EAD3A87B08289C
:10CA10000AD20024A97B2046FAF7B0F9641CE4B2DC
:10CA20007E2CF7D3BDE8F08FFF2803D10B493431BA
:10CA3000087918B1BDE8F04FFAF76EBE00200E4A33
:10CA40000E4B0F4C4D7815548D781D54CD782554D0
:10CA5000401CC0B27E28F5D3E4E70000B4020020F9
:10CA60008E560020714C0100E24B01007D4E01000A
:10CA700096540020E94E01001C5300209A530020D8
:10CA8000185400202DE9F04F3A48DFF8F0803C4E72
:10CA9000017E3948DFF8ECB03B4F03784FF00009D6
:10CAA000581EC5B208F12D0C002931D0002018F80D
:10CAB0000010491CC9B208F80010994201D308F8C7
:10CAC00000901CF80010C1B1491E0CF800100021A4
:10CAD0000BEBC002CC0713D01CF8004012F801A0E9
:10CAE000345D07F80A40491CC9B20629F2D3401C3C
:10CAF000C0B21528DBD3BDE8F08F0CF80050E6E794
:10CB000018F8004012F801A0345D07F80A40EAE77F
:10CB1000002018F80010491CC9B208F8001099420A
:10CB200001D308F800901CF8001079B1491E0CF8E8
:10CB3000001000210BEBC002CC070AD018F800400F
:10CB400012F801A0345D07F80A4009E00CF8005023
:10CB5000EFE71CF8004012F801A0345D07F80A4026
:10CB6000491CC9B20629E7D3401CC0B21528D0D34E
:10CB7000C1E70000B4020020424C01008E560020A4
:10CB8000E24B0100E6500100965400202DE9F041EF
:10CB90002B4C2046217E407A002906D010B1401E41
:10CBA000607209E01420607206E0401CC0B260723E
:10CBB000152801D100206072224D637A15F83300E8
:10CBC000214AFF21115405EBC306B778D1553679B8
:10CBD0009155C3F1140305EBC3035E789155DE78DC
:10CBE00091555B79D154A17B082927D106F08AF8A9
:10CBF000607A05EBC000807806F084F8607A05EB77
:10CC0000C000007906F07EF8607AC0F1150005EBEF
:10CC1000C000407806F076F8607AC0F1150005EBA8
:10CC2000C000C07806F06EF8607AC0F1150005EB20
:10CC3000C0000079BDE8F04106F064B8BDE8F081BD
:10CC4000B4020020E65001009654002030B5214D7A
:10CC5000287917280DD0FAF76FF84FF4AF70688570
:10CC60000121A971172028710020A8726872E8724A
:10CC7000A974A87B082809D20024A97B2046FAF7CA
:10CC80007DF8641CE4B27E2CF7D330BD11493431F9
:10CC9000FF2801D10A7952B1082817D0FF28F4D112
:10CCA00008790128F1D1BDE83040FAF7EFBE002045
:10CCB000094A0A4B0A4C4D7815548D781D54CD788D
:10CCC0002554401CC0B27E28F5D330BDBDE83040AD
:10CCD000FAF7DCBEB40200201C5300209A53002057
:10CCE0001854002070B51E4D1C48697A405C1D4ADE
:10CCF0002B7E1278002B06D011B1491E697209E013
:10CD0000521E6A7206E0491CC9B26972914201D191
:10CD100000216972144AFF211154A97B082909D204
:10CD20000024A97B2046FAF729F8641CE4B27E2C83
:10CD3000F7D370BDFF2903D1094934310A791AB1FB
:10CD4000BDE8704005F0DEBF4A78084B1A548A7877
:10CD5000074B1A54C978074A115470BD1F4B010084
:10CD6000B4020020734B0100965400201C53002095
:10CD70009A5300201854002000B50D4B1879112843
:10CD80000FD0F9F7D9FFC8205885012199711120DA
:10CD90001871187E012805D0002098725872D87238
:10CDA000997400BD03480078401E587200BD000011
:10CDB000B4020020734B0100F0B5174A907E401C6E
:10CDC000C1B29176154800230078814200D3937652
:10CDD000D17E491CC9B2D176814200D3D376117F6E
:10CDE000491CC9B21177814200D3137700200C4C43
:10CDF000917ED77E92F81CC0615CE25D094B0A4DC2
:10CE00000A4E14F80C4019542A543454401CC0B231
:10CE10007E28F8D3F0BD0000B40200207C4E010053
:10CE2000BC4D01001C5300209A53002018540020D0
:10CE3000F0B5F9F781FF164801220273FF21417313
:10CE4000C8234385827103220271002686744672CC
:10CE5000402383768022C27606770020DFF834C034
:10CE60000D4D0E4C0E4F1CF803301CF802201CF820
:10CE700006602B5422543E54401CC0B27E28F8D386
:10CE80000020084A1154401CC0B27E28FAD3F0BDDD
:10CE9000B4020020BC4D01001C5300209A53002016
:10CEA00018540020965400202DE9F05F3F4B18786D
:10CEB0004008187003F13F0898F80000400088F817
:10CEC0000000012019181A5C11F8014D14430C7070
:10CED0005108195408EB000118F8002011F8014D11
:10CEE00014430C70510008F80010401C40B2152883
:10CEF000E8DBDFF8B89009F1150999F8140040084B
:10CF000089F8140009F1150A9AF8140040008AF80B
:10CF10001400132009EB000119F800204C78144389
:10CF20004C70510809F800100AEB00011AF80020B3
:10CF30004C7814434C7051000AF80010401E40B267
:10CF40000028E7DA00241A4FDFF868B0174819F80C
:10CF5000041018F80420005D08431AF80410114367
:10CF6000084346B20025F00715D00BEBC400124A67
:10CF7000405DFF211154B97B082902D0FF2903D05D
:10CF800009E005F0BFFE06E00949343109790129BD
:10CF900001D105F0B7FE76106D1C6DB2062DE2DBF7
:10CFA000641C64B2152CD1DBBDE8F09F96570020BD
:10CFB000B4020020E65001009654002070B5204DC8
:10CFC00028790F2819D0F9F7B7FEF02068850120DD
:10CFD000A8710F212971A87400201A4A0021A2F11A
:10CFE0001503A2F12A04A2F13F0611541954215449
:10CFF0003154401CC0B21528F7D3A87B082809D2A9
:10D000000024A97B2046F9F7B9FE641CE4B27E2C0B
:10D01000F7D370BDFF28FCD10949343108790028C5
:10D02000F7D1094B094A0A4C4D781D548D78155497
:10D03000CD782554401CC0B27E28F5D370BD0000C9
:10D04000B4020020D55700201C5300209A53002022
:10D05000185400202DE9F04300201B491B4D0B788C
:10D060001B490E782CE01B49097E41B1295C491C03
:10D07000C9B22954994206D30021295403E0295CFE
:10D0800069B1491E29540021144C00EB400204EB05
:10D090008202144C104FDFF848C024780CE0591E6F
:10D0A0002954F0E715F8008012F8019017F808806D
:10D0B0000CF80980491CC9B2A142F3D3401CC0B28C
:10D0C000B042D0D3BDE8F083424C01008E56002020
:10D0D000E04B0100B4020020E24B0100744B010060
:10D0E00096540020E14B01002DE9F04F2E4D287998
:10D0F000152832D0F9F720FE642068850120A87138
:10D1000000206872152129712874A87400212C4808
:10D11000DFF89890DFF898E006782A48254FDFF886
:10D1200098A0DFF898C090F8008014E01EF8014045
:10D1300009F80140002001EB41020AEB820206E0FF
:10D1400012F800B03B5D0CF80B30401CC0B2B0428E
:10D15000F6D3491CC9B24145E8D3A87B08280AD2B6
:10D160000024A97B2046F9F709FE641CE4B27E2C5A
:10D17000F7D3BDE8F08FFF2803D10B49343108798C
:10D1800018B1BDE8F04FFAF78BBD00200E4C0F4AE6
:10D190000F4B4D7825548D781554CD781D54401C77
:10D1A000C0B27E28F5D3E4E7B40200208E560020FA
:10D1B000D74C0100E24B0100744B01009654002053
:10D1C000E14B0100E04B01001C5300209A5300206A
:10D1D000185400202DE9F0410024104E104DFF2777
:10D1E00006F13408285D38B1401E2855641CE4B2AD
:10D1F0007E2CF7D3BDE8F0812F55B07B082809D0ED
:10D20000FF28F3D198F804000128EFD1204605F05B
:10D2100079FDEBE7204605F075FDE7E7B402002055
:10D220009654002070B5214D2879062813D04FF46C
:10D23000967068850120A871002068720621297106
:10D24000A8741B491B4A01EB40035B781354401C34
:10D25000C0B27E28F7D3A87B082809D20024A97B76
:10D260002046F9F78BFD641CE4B27E2CF7D370BD29
:10D27000FF2803D10D493431087940B100242046FC
:10D2800005F040FD641CE4B27E2CF8D370BD002094
:10D29000094A0A4B0A4C4D7815548D781D54CD78A7
:10D2A0002554401CC0B27E28F5D370BDB4020020C6
:10D2B000EA4E0100965400201C5300209A5300208F
:10D2C0001854002010B5374CA07BE17B884203D96D
:10D2D000FF2801D0FFF7F6FF6079152860D2DFE85C
:10D2E00000F00B0F1327232B3B3F431B171F333734
:10D2F0002F4B474F57535B00BDE81040FBF726BD4F
:10D30000BDE81040FBF754BDBDE81040FBF70EBC74
:10D31000BDE81040FFF79CBABDE8104000F08CB8A3
:10D32000BDE81040FFF73EBBBDE81040FFF7A6B8D0
:10D33000BDE81040FFF776BFBDE81040FBF7E0BD49
:10D34000BDE81040FFF73ABEBDE81040FDF7B4BDA0
:10D35000BDE81040FFF7ECB9BDE81040FBF780BB1B
:10D36000BDE81040FFF764BDBDE81040FFF7BCBE4C
:10D37000BDE81040FBF77CBABDE81040FFF7FCBCED
:10D38000BDE8104000F016B9BDE81040F9F7B8BE8E
:10D39000BDE81040FFF75ABCBDE81040FBF70ABEDD
:10D3A00010BD0000B40200202DE9F05F0024DFF87A
:10D3B00070B01C4F1C4EDFF87490DFF874A0DFF8DB
:10D3C0007480387E50B1305D401CC0B230559BF83F
:10D3D0000010884206D30020305503E0305D70B164
:10D3E000401E30550025305D19F8001008EBC500CF
:10D3F000005D0AF80010B97B082905D006E09BF80B
:10D400000000401E3055EDE705F07CFC6D1CEDB2D0
:10D41000152DE8D3641CE4B2062CD2D3BDE8F09FEE
:10D42000424C0100B40200208E560020E24B010065
:10D4300096540020E65001002DE9F05F2C4E307923
:10D4400014282ED0F9F778FC642070850120B07183
:10D4500000207072142131713074B0740024DFF830
:10D4600094B0254FDFF89490DFF894A0DFF8948013
:10D470001BF8040038550025385D19F8001008EB3A
:10D48000C500005D0AF80010B17B082901D105F044
:10D4900039FC6D1CEDB2152DEED3641CE4B2062CE4
:10D4A000E6D3B07B08280AD20024B17B2046F9F7E6
:10D4B00065FC641CE4B27E2CF7D3BDE8F09FFF2826
:10D4C00003D10B493431087918B1BDE8F05FFAF7A0
:10D4D000EDBC00200C4B0D4C0D4A4D781D548D7841
:10D4E0002554CD781554401CC0B27E28F5D3E4E70E
:10D4F000B4020020CB4C01008E560020E24B01000C
:10D5000096540020E65001001C5300209A5300203E
:10D51000185400202DE9F047224F787A401C787289
:10D520000024DFF88480DFF88490387E50B118F84A
:10D530000400400008F8040000060CD5012008F89B
:10D54000040008E018F80400400808F8040010B9C6
:10D55000202008F8040018F804600025F00715D012
:10D5600009EBC400124A405DFF211154B97B082920
:10D5700002D0FF2903D009E005F0C4FB06E0094909
:10D5800034310979012901D105F0BCFB76086D1C05
:10D59000EDB2062DE2D3641CE4B2152CC5D3BDE870
:10D5A000F0870000B402002096570020E6500100EA
:10D5B000965400202DE9F05F324F387918280BD0AF
:10D5C000F9F7BAFB4FF4167078850120B871002185
:10D5D000797218213971B874B87BDFF8A8800828EF
:10D5E00008F1340809D20024B97B2046F9F7C6FBBC
:10D5F000641CE4B27E2CF7D315E0FF2813D198F811
:10D60000040080B900202049204A214B98F80140AD
:10D610000C5498F80240145498F803401C54401CD1
:10D62000C0B27E28F2D30024DFF868A0DFF868B02B
:10D63000DFF868901AF804600BF804600025F00722
:10D6400014D009EBC400164A405DFF211154B97B88
:10D65000082902D0FF2903D008E005F053FB05E0BC
:10D6600098F80410012901D105F04CFB76086D1CD7
:10D67000EDB2062DE3D3641CE4B2152CDAD3BDE879
:10D68000F09F0000B40200201C5300209A53002099
:10D6900018540020234D010096570020E650010049
:10D6A000965400202DE9F05F0D4692469B46414C72
:10D6B000012808D104206062A06A40F00400A06242
:10D6C000032003F03DFF3C4E306840F00400306022
:10D6D000371D386840F00400386007F10408D8F8B6
:10D6E000000040F00400C8F8000008F10409D9F86F
:10D6F000000040F00400C9F800002946351F284604
:10D700002A6861F39E722A6001686AF35D710160A4
:10D7100001686BF31C7101604FF47F00206060684A
:10D720006FF310006060206A20F000402062DFF894
:10D730008CA04FF0000B8AF800B002F03DF801F029
:10D7400001FEF4F7DDFF01F0D9FDF3F7B7FB9AF81E
:10D7500000000128F3D11A494FF4AF6088608AF8BD
:10D7600000B0306820F004003060386820F0040019
:10D770003860D8F8000020F00400C8F80000D9F89C
:10D78000000020F00400C9F80000286820F0804064
:10D790002860286820F000502860286820F0805019
:10D7A0002860A06A20F00400A062BDE8F05F01F0EC
:10D7B000C3BF000000F00140F0FB01400500002065
:10D7C000340200202DE9FC5FFE4E307900287AD02B
:10D7D00000253571DFF8F08398F80000AA2873D18E
:10D7E000DFF8E89399F80000012809D198F80110B2
:10D7F000322905D0332903D089F80050F5F712FEFD
:10D800000021F14F4046403F425C7A54491CC9B266
:10D810004029F9D355213970417884464FF00108E9
:10D820004FF412404FF4164A4FF4304BB8EB111F2F
:10D830007ED14FF41042102920D0112920D0122976
:10D8400020D0132920D0142946D0152947D01629D5
:10D8500048D0172948D0182949D01C2933D14FF472
:10D860003C44604613294FD090F804C0C37804EBC1
:10D870000C241C44002390F802C043E01446F0E757
:10D880000446EEE75446ECE7D1480078401C387275
:10D89000D04800787874D0480078B874CF480078C1
:10D8A000F874CF48007808280FD2CE4B00EB400028
:10D8B00013F8008087F8098018444378BB72807899
:10D8C000F8723D74CDE7D1E03DE0FF207872B87288
:10D8D000F87287F81080C4E74FF41A44C1E74FF498
:10D8E0001C44BEE75C46BCE74FF43644B9E74FF44E
:10D8F0003244B6E714F8038007EB030989F808807F
:10D900005B1CDBB29C45F5D80446102915D1D078B4
:10D91000122808D192200090002349F2030201212D
:10D920006846F5F785FEB0480168B975080A00E059
:10D930000AE0F875080C3876BD766078112802D1B7
:10D94000AA480078F875F6E1022264464FF41847B9
:10D95000B2EB111F71D1212930D0222930D02329D7
:10D960000BD0242931D0252932D0262933D027299C
:10D9700036D028297AD14FF432472179E07807EB65
:10D980000123C2184FEA522CA27800EB020808EBE0
:10D99000030EDFF83482964B08F10808CDF80480B6
:10D9A000BCEB5E2F52D057451DD100EB012080B259
:10D9B000904908440199F2F753FC23E00746DCE75D
:10D9C00057468148F8F7C0F8D7E74FF41A47D4E72D
:10D9D0004FF41C47D1E75F467B48F8F7B5F8CCE732
:10D9E0004FF43647C9E7B7F5364F27D05F4509D121
:10D9F00000EB012080B2804908440199F2F730FC25
:10DA000001F0D6FD2179E07807EB012100EB010858
:10DA1000C8F10000C7B20023424639460198F5F725
:10DA200007FEA078C11B00293ADD08EB0702E019C8
:10DA300008300023F5F7FCFD32E05AE000EB01204E
:10DA400080B218440199F2F70BFCDBE757450ED181
:10DA500000EB01201FFA80F85B48F8F775F865487D
:10DA6000A27840440199F2F7FBFB0FE065E1B7F5BE
:10DA7000364F19D05F4509D100EB012080B25E49D5
:10DA800008440199F2F7ECFB01F092FD2179E0786E
:10DA900007EB01214218A17800230198F5F7C8FD92
:10DAA0006078212808D009E000EB012080B21844FA
:10DAB0000199F2F7D5FBE9E701F00AFE6078222828
:10DAC00003D1F3F743F989F800506078232801D196
:10DAD000F3F7B4F86078252803D1F3F737F989F81C
:10DAE00000506078262803D1F3F730F989F8005008
:10DAF00021E10623B3EB111F18D1642906D0652953
:10DB00000BD066290DD067290ED014E110213B48B7
:10DB1000F2F7BFFB86F801800DE1F3F709FF75709E
:10DB200009E186F8028006E1B57004E1C843000708
:10DB300002D032297ED0FEE023484FF400794946D6
:10DB40004030F2F7A6FBA0784FF48068012836D168
:10DB50001D480023524649464030F5F769FD1A48F2
:10DB600000234FF4364249464030F5F761FD164830
:10DB700000234FF4384249464030F5F759FD12482A
:10DB800000234FF4324249464030F5F751FD0E482C
:10DB900000234FF4344249464030F5F749FD4946E9
:10DBA0001448F2F776FB49461348F2F772FB4146F8
:10DBB0000F48F2F76EFBF5F735FCF9F741FBA0785B
:10DBC00002281DE06B0300207C630020AD000020D4
:10DBD000B9020020C8020020CA020020CC020020A6
:10DBE000C2020020A04A0100800140004002002043
:10DBF0003A2900203A2500203A270020CA38002080
:10DC000017D100233A4610214D48F5F711FD0023A6
:10DC10004FF41A4249464A48F5F70AFD00234FF4EB
:10DC2000024210214748F5F703FDF5F7FBFBF9F732
:10DC300007FB00E048E0A078042811D100254FF44C
:10DC40001C4707EB4522002349463D48F5F7F0FC09
:10DC50006D1CEDB2092DF4D3F5F7E4FBF9F7F0FAFA
:10DC6000A078052820D10020374D384940F6980388
:10DC700040F26C7225F8103021F81020401CC0B220
:10DC80008028F7D3F5F7CEFB4FF4807500234FF4CF
:10DC9000044229462C48F5F7CBFC00234FF40542FB
:10DCA00029462A48F5F7C4FCA078FF2843D141460D
:10DCB0002748F2F7EEFAFEF759FCF3F747F801F0C0
:10DCC00007FD01F075FC36E086F80080214932201E
:10DCD00008700021A7782BE004EB81021E4D107A1A
:10DCE000285C782822D01D4D92F809C0DFF870809A
:10DCF0002D78C5EB05250CFB05FC4FEA1C4CBCFB45
:10DD0000F3FC08F800C092F80AC0DFF858800CFB5A
:10DD100005FC4FEA1C4CBCFBF3FC08F800C0D27AAF
:10DD20006A43120CB2FBF3F20F4D2A54491CC9B2DC
:10DD3000B1EB970FD0D30120F070BDE8FC9F00003D
:10DD4000BC630020008000003A3500203A360020F5
:10DD50003A2900209A000020D5520100C902002073
:10DD600014550020925500201056002010B514497B
:10DD7000144802F0A9FE08B1F3F7CEFA124911488F
:10DD800002F01CFF08B1F3F7C7FA104802F0EEFCEE
:10DD900008B1F3F7C1FA00210A4801F057FF002348
:10DDA0001A460B49074802F003FF064803F0C2F881
:10DDB000002803D0BDE81040F3F7AEBA10BD000054
:10DDC0007C040020386F0020E80300206811002048
:10DDD000015E0000F0B5204B93F8270000283AD0F0
:10DDE000986C4FF47A7700220124062503F1600134
:10DDF000B84207D283F822400D704A708C70CA7006
:10DE00000A7125E0A0F57A76BE4207D283F8224057
:10DE10000D704A708A70CC700A7119E0A0F5FA6C26
:10DE2000FF26BC4507D283F822400D704A708E70E1
:10DE3000CA700A710CE0A0F6B830B84207D283F875
:10DE400022400D704A708A70CE700A7100E09A64A8
:10DE5000986C401C9864F0BD800000202DE9F84FBC
:10DE6000BB4BD878401CC0B2D8700A2871D30022AE
:10DE7000DA70B848007802286BD1B74800780028DB
:10DE800067D01878401CC1B21970B448007881423C
:10DE900000D31A705978491CC9B25970814200D315
:10DEA0005A709978491CC9B29970814200D39A700E
:10DEB0000020AA49DFF8A8E2DFF8A8C20978491EC5
:10DEC000CAB2A94991F800B035E01EF80010E9B3D4
:10DED000491E0EF80010A24D2D35295CB9B3491E1C
:10DEE00029549F4E5A36315C91B3491E315400215A
:10DEF000DFF86C821EF800402D5C365C9B4B08F10D
:10DF000087081CF804401CF805501CF8066000EB5C
:10DF1000400708F17E0908F1FC0A1F447B5C08F801
:10DF2000034009F803500AF80360491CC9B20329E9
:10DF3000F4D3401CC0B25845C7D30020DFF830925C
:10DF40008C4F09F10C0A09F1180B03E00CE00EE00C
:10DF50000FE0FAE08849A9F5BD7404F17E0509785F
:10DF600004F1FC06009143E00EF80020B3E72A54C8
:10DF7000B7E73254BBE719F8001099B1491E09F808
:10DF800000101AF8001081B1491E0AF800101BF8A1
:10DF9000001069B1491E0BF800100021774B93F86F
:10DFA00000E021E009F80020EBE70AF80020EEE7A6
:10DFB0000BF80020F1E719F800301CF8038000EBA3
:10DFC000400307EB83035B5C04F803801AF80080CE
:10DFD0001CF8088005F803801BF800801CF80880F6
:10DFE00006F80380491CC9B27145E4D3401CC0B295
:10DFF00000998842BFD3DFF88881DFF8889198F8CC
:10E00000030089F8000098F8040089F8010098F8E6
:10E01000050089F80200002008EB000109EB00026E
:10E020008979D170401CC0B21528F5D399F8000049
:10E030000D280ED00025002409EB0506F078A0423B
:10E040004BD999F8000000232246294600F054F9E4
:10E050004AE04FF0000A4FF0000B99F8010000234E
:10E060005A46514600F048F90BF1010B0BF0FF0B3B
:10E07000BBF1060FF1D30AF1010A0AF0FF0ABAF167
:10E08000150FE8D3002298F806E023E000213B4872
:10E09000DFF8DC80037808F1240802EB420008F185
:10E0A0007E0908F1FC0A07EB800C0FE01CF8010068
:10E0B00014F800B008F800B015F800B009F800B086
:10E0C00016F800B00AF800B0491CC9B29942EDD365
:10E0D000521CD2B29645D9D80EE099F8010001231E
:10E0E0002246294600F008F9641CE4B2062CA5D3A8
:10E0F0006D1CEDB2152D9ED300211D4C26482434F5
:10E1000004F17E0504F1FC061F4F0622DFF87CC0F7
:10E11000DFF87C80DFF87C90037814E0785C14F8FA
:10E1200000A0BAFBF2FA0CF800A015F800A0BAFBA8
:10E13000F2FA08F800A016F800A0BAFBF2FA09F803
:10E1400000A0491CC9B29942E8D3BDE8F88F00008D
:10E1500063030020440200206B0300207C4E01007A
:10E16000CA5D0020BC4D0100E94E01007D4E01005A
:10E1700045610020744B0100E04B0100E14B0100C0
:10E180002C4800204E4800201F4B01001455002051
:10E190009255002010560020734B01002DE9F04FDE
:10E1A000002149484A4A494C007892F800E03EE094
:10E1B000484A525C02F14005854201D32B1A9DB2B8
:10E1C000454BEEB25E541346834201D31B1A9BB2F9
:10E1D000DFB2414B2D335F548032824201D3121A99
:10E1E00092B202F0FF0C3C4A5A3202F801C00022FF
:10E1F000DFF8E490394B09F1870901EB410509F19A
:10E200007E0A09F1FC0B05EB0308A55D18F8023046
:10E2100009F80350E55D0AF8035014F80C500BF8A8
:10E220000350521CD2B2032AEFD3491CC9B2714524
:10E23000BED300212C4ADFF8A8B0DFF8A8E092F89E
:10E2400000A03CE01BF8012002F14005854201D30B
:10E250002B1A9DB2EFB20EF801701346834201D320
:10E260001B1A9BB203F0FF0C1E4B0C3303F801C0CA
:10E270008032824201D3121A92B202F0FF08194A88
:10E28000183202F801800022184B93F8009012E037
:10E29000174B01EB410603EB8603164E9B5CE55DD5
:10E2A000F5547E3614F80C50F5547E3614F80850A8
:10E2B000F554521CD2B24A45EAD3491CC9B2514561
:10E2C000C0D3BDE8F08F00007C4E0100BC4D0100C2
:10E2D000E94E01009E4C0100CA5D00207D4E010008
:10E2E000E34C010045610020E04B0100E14B0100DF
:10E2F000744B0100CB5F00202DE9F0416E4C491CAE
:10E3000004EBC101C2F10504095D6C4D00274FF01B
:10E31000FF0C05F17E0605F1FC040C280AD2DFE8AB
:10E3200000F0060A1E4B788490979CA2A8AD6F540B
:10E3300077546754A6E0012A04D805F801C0775441
:10E3400067549FE0032A05D805F801C006F801C00C
:10E35000675497E06F5406F801C0675492E052B1D9
:10E36000012A0DD0022A11D0032A14D0042A18D071
:10E37000052A1BD086E005F801C07754675481E078
:10E3800005F801C006F801C067547BE06F5406F839
:10E3900001C0675476E06F5406F801C004F801C06C
:10E3A00070E06F54775404F801C06BE005F801C0C9
:10E3B000775404F801C065E052B1012A0ED0022A58
:10E3C00011D0032A15D0042A18D0052A1CD059E0F0
:10E3D00005F801C0775404F801C053E06F54775436
:10E3E00004F801C04EE06F5406F801C004F801C003
:10E3F00048E06F5406F801C0675443E005F801C0D7
:10E4000006F801C067543DE005F801C07754675431
:10E4100038E02B48405C685429487E30405C70549A
:10E420002748FC30405C60542CE0274A2548177888
:10E43000C75D6F545778C75D77549278805C60549D
:10E4400020E005F801C006F801C004F801C019E099
:10E4500005F801C07754675414E005F801C0802026
:10E46000705467540EE005F801C006F801C0675407
:10E4700008E06F54775404F801C003E06F5406F8C5
:10E4800001C06754002B14D010486A5C807812FBDE
:10E4900000F36422B3FBF2F36B54735C13FB00F3E1
:10E4A000B3FBF2F37354635C13FB00F0B0FBF2F0C8
:10E4B0006054BDE8F0810000E65001006961002071
:10E4C000515E0020BC4D0100630300204E48002037
:10E4D0000748007E002809D00020064A115C09B1D7
:10E4E000491E1154401CC0B20A28F7D370470000DF
:10E4F000F0020020AC5D002010B5084A01EB41019C
:10E50000074C535C2354114404F10A034A781A540B
:10E5100003F10A028978115410BD0000A04A0100DD
:10E520008E5D00200549887D401CC0B28875042896
:10E5300003D9002088750120C8757047F0020020BB
:10E5400070B5434C00230125E07D002803D0E3751E
:10E55000FFF7BEFF6576E07B002870D0E3733D488F
:10E560003D4A0A21007810B11378052B1ED010B156
:10E570001278012A1FD0394A10B11378052B1FD009
:10E5800010B11078012820D035483649282200786B
:10E5900008B10B78F3B110B1087801281FD03248C8
:10E5A000007808B3002000F0DBFA3EE0A1850720E8
:10E5B00000F088F839E0A185072000F083F834E006
:10E5C000A185072000F07EF82FE0A185072000F04C
:10E5D00079F82AE0A285052000F022FC25E0A2853A
:10E5E000012000F01DFC20E00020204AFF211154F2
:10E5F000401CC0B20A28FAD3207C062815D2DFE8D6
:10E6000000F00306090C0F1200F0E2F80DE000F034
:10E61000A5FB0AE000F098FD07E000F0EDFB04E048
:10E6200000F06EF901E0F9F7E3FC114800781D28CD
:10E6300004D14620A085072000F0DCF96576607ED5
:10E64000002803D0BDE8704000F02ABC70BD000077
:10E65000F0020020DA020020C8020020CA020020D6
:10E66000DB020020A800002092000020AC5D00200A
:10E67000B802002030B5FAF7B3FC0F4C00256575E1
:10E680004FF4004090F80602A0760820E0760520BE
:10E69000A07720770948A17E00EB41004078E07721
:10E6A00000F082F800F02EFB00F0ACFD657584F8F8
:10E6B00020500348057030BDF00200206553010072
:10E6C000D7020020F0B5354C354EA17802290AD08A
:10E6D0000221A170002161702170324611605160E9
:10E6E0001181F021317023786BB1617841B1725C96
:10E6F00032B1143A7254721812F8015D1435157063
:10E70000725CF2B124E06178052910D2725C42B1EA
:10E71000042906D0143A7254721853781433537083
:10E7200005E022B1042902D13279143A3271725CC7
:10E7300072B9491CC9B26170042909D10121217043
:10E7400006E0491EC9B2617011B983F00101217060
:10E750000021144B00EB4000C2181D5C57789078E4
:10E760000F4A1E3A02F10A0402F114035754655489
:10E770005854491CC9B20529F8D30520C0F1090134
:10E78000555C1554655C25545D5C1D54715C3154B9
:10E79000401CC0B20A28F1D3F0BD0000F0020020F6
:10E7A000AC5D0020A04A010006490846CA7E807F71
:10E7B000FF2A03D0044A105CC8747047034A105CF7
:10E7C000C8747047F0020020D1550100D9550100EE
:10E7D0002DE9F04700202149214E0A78214991F87E
:10E7E00000A026E00021204B1D4C204F143493F84C
:10E7F00015C004F10A0804F11409BCF1010F1CD082
:10E8000036F810302BB35B1E26F8103036F8103077
:10E8100003EB4303FD5C25543B445D7808F800504E
:10E820009B7809F80030491CC9B20229E5D3401C85
:10E83000C0B25045D6D3BDE8F08736F810305B1C27
:10E840009BB226F810309342E0D3002326F8103014
:10E85000DCE7531E26F81030D8E700007C4E01009C
:10E860007A5D0020D0550100F00200206D530100B8
:10E870002DE9F04F1D4B00241C746420D88500F056
:10E8800041FA9C741C751C765C7483F821405C759D
:10E890000020174991F800B023E00021154A174ED7
:10E8A000154B125CFF2702EB420503F1320C745D3D
:10E8B0002E4403F114087578B67803F11E0903F1AC
:10E8C000280A23F810200CF8007008F8004009F816
:10E8D00000500AF80060491CC9B20229F1D3401C5B
:10E8E000C0B25845D9D3BDE8F08F0000F002002037
:10E8F000D0550100AE5501007A5D00206D53010036
:10E90000F0B5374DE87E08281DD00024E0B2E97E3E
:10E91000FFF7F2FD641CA4B20A2CF7D395F822008D
:10E92000401CC0B285F82200092858D3002285F87F
:10E930002220687D4FF4C07168B3288E88423AD196
:10E94000802028863CE000202749264A0B7819E0E1
:10E9500032F81010C9B1491E22F8101032F8101008
:10E96000224C204F01EB41011437665C3E54214498
:10E9700007F10A064C78345406F10A0489782154C8
:10E98000401C80B29842E3D3C8E719490978491E70
:10E9900022F81010E2E7288E012809D04FF6FF7305
:10E9A00003EA4000288688420AD10120687507E002
:10E9B0000320288604E040082886012800D16A75D3
:10E9C000298E0020074BFF243233CD0701D01C5481
:10E9D00000E01A544908401C80B20928F5D3F0BD64
:10E9E000F00200207A5D0020BA5501006D5301004D
:10E9F0007C4E01002DE9F041564C0021A278082AF6
:10EA000006D00822A270A173534A1160516011818F
:10EA1000A37B514AF0273C2678254FF0B40C0A2BF3
:10EA20007BD2DFE803F005101D2835404D58657096
:10EA3000117051709170D170177157719171D171BE
:10EA40001172517269E0117051709170D67082F834
:10EA500004C082F805C09671D171117251725CE0E8
:10EA6000117051709570D570157155719571D57182
:10EA70001172517251E0117082F801C09670D67017
:10EA8000167156719671D67182F808C0517244E0C1
:10EA9000117057709170D170117151719171D17164
:10EAA0001772517239E0167082F801C09170D170FE
:10EAB000117151719171D17182F808C056722CE0B8
:10EAC000157055709170D170117151719171D17132
:10EAD0001572557221E082F800C056709170D170A5
:10EAE000117151719171D171167282F809C014E0DF
:10EAF000177051709170D170117151719171D17104
:10EB00001172577209E0117051709170D1701171CA
:10EB100051719171D171117251725B1CDAB2A27391
:10EB20000A2A00D1A17300210B4A0C4F1E3A00EBB8
:10EB30004005EC197D5D6078A47802F10A0302F1CA
:10EB4000140650545D547454491CC9B20A29F8D3B0
:10EB5000BDE8F081F0020020AC5D0020A04A010079
:10EB60002DE9F84F83465F4C0320A085F4F78AFF18
:10EB700060715D495F4CDFF878810978DFF86CA13E
:10EB80000BEB4B034FF0F00904F10A0504F11407F5
:10EB900004F11E0603EB0802012907D002292CD13B
:10EBA000554909780091012929D049E00021DFF871
:10EBB0004CC19CF800B01EE01AF801C084450ED884
:10EBC00092F801C004F801C018F803C005F801C0AC
:10EBD00092F802C007F801C006F8019009E04FF072
:10EBE000000C04F801C005F801C007F801C006F8E0
:10EBF00001C0491CC9B25945DED3BDE8F88FDFF822
:10EC000000E19EF80010D9B9DFF8D8B0FF218BF8E9
:10EC100006100021DFF8E4B04FF0010C9BF800E093
:10EC20000CE01AF801B0834507D8DFF8D4B08BF8B0
:10EC300000C0DFF8B0B08BF80610491C7145F0DB5E
:10EC40000021DFF8B8C09CF800B047E01AF801C016
:10EC5000DFF890E0844535D8DDF800C0BCF1000F46
:10EC600021D09EF806C061450ED398F80AC004F87A
:10EC700001C098F809C005F801C098F80BC007F862
:10EC800001C006F8019027E092F801C004F801C025
:10EC900018F803C005F801C092F802C007F801C0D7
:10ECA00006F8019018E092F801C004F801C018F8C5
:10ECB00003C005F801C092F802C007F801C006F8C9
:10ECC000019009E04FF0000C04F801C005F801C004
:10ECD00007F801C006F801C0491CC9B25945B5D3AF
:10ECE0008BE70000F0020020930000200356010093
:10ECF000A04A01008E5D0020FA000020D0550100DE
:10ED0000FB0000200B490846CA7E007FFF2A03D083
:10ED1000094A105C487702E0084A105C4877C88DC1
:10ED20004A7F50434FF4C872B0FBF2F088854885A3
:10ED300070470000F0020020EA550100F255010082
:10ED40000549888D401E0004000C888503D1488D3C
:10ED500088850120C8737047F0020020F0B5104D7F
:10ED6000287D401CC0B228750E490978884208D316
:10ED700000212975E87E401CC0B2E876082800D33F
:10ED8000E9760024084F094E287D385C3055E97E2D
:10ED90002046FFF7B1FB641CE4B20A2CF4D3F0BDAB
:10EDA000F0020020BB4D01003A4D0100AC5D002097
:10EDB00070B5104D0026287C012800D02E75012347
:10EDC0002B74F020E885FFF79DFFAB742E766E74F0
:10EDD000E87E082808D20024E97E2046FFF78CFB55
:10EDE000641CE4B20A2CF7D3E87E082800D3EE7640
:10EDF00070BD0000F0020020F0B50024064F074D62
:10EE0000FF26F97E2046FFF777FB2E55641CE4B2FF
:10EE10000A2CF6D3F0BD0000F0020020AC5D00200B
:10EE2000F0B51C4E0027317A002901D037723771B6
:10EE300019490F604F600F810021164C3379164D30
:10EE400032345A1A52B2002A03DB14F801C005F812
:10EE500002C0491CC9B20A29F3D35B1CD9B2317173
:10EE60000C2900D3377100210B4C0C4F1E3C00EBDA
:10EE70004002D319BA5C58789B7804F10A0504F172
:10EE8000140660546A547354491CC9B20A29F8D351
:10EE9000F0BD0000F0020020AC5D0020A04A01009F
:10EEA0002DE9F04F86B08748DFF820A2DFF82092E6
:10EEB00003788548DFF81CE2002B407C05908648EB
:10EEC0000078049002D085480078A8B10020844BD7
:10EED00000220BE013F81010059C2CB90AF8012051
:10EEE00009F801200EF80120401CC0B204998842A4
:10EEF000F0D306B0BDE8F08F00217A480068039097
:10EF000079480278794804787948007802907948FD
:10EF10000578794800780190784806787848007834
:10EF200000907848077899E06D4810F81100DFF8F4
:10EF3000D8C19CF800C0BCF1000F1AD0582805D0E9
:10EF4000572803D0592801D05A2812D18EB985B933
:10EF50007CB91D2B0DD067B9022A0AD0032A08D02C
:10EF60004FF03F0C09F800C00AF800C00EF800C0CE
:10EF700072E0DDF80CC05FEA8C7C18D55D2803D008
:10EF80005C2801D05B2812D18EB985B97CB91D2BC4
:10EF90000DD067B9022A0AD0032A08D04FF03F0CDF
:10EFA00009F800C00AF800C00EF800C054E0DDF80F
:10EFB0000CC05FEA0C7C18D5542803D0552801D02A
:10EFC000562812D18EB985B97CB91D2B0DD067B9E1
:10EFD000022A0AD0032A08D04FF03F0C09F800C0DB
:10EFE0000AF800C00EF800C036E0DDF814C0DFF803
:10EFF000D880BCF1000F03D1012A01D0032A32D1FD
:10F000004CB1DDF808C0BCF1000F2CD0DDF808C011
:10F01000BCF1010F27D04DB1DDF804C0BCF1010FE8
:10F0200021D0DDF804C0BCF1050F1CD04EB1DDF8D5
:10F0300000C0BCF1010F16D0DDF800C0BCF1050F17
:10F0400011D087B91D2B0ED04FF0000C09F800C06D
:10F050000AF800C00EF800C0491CC9B204988142E9
:10F06000FFF462AF45E7DFF8A4C01CF801B00CF173
:10F070001E0C1CF801C01BFB0CFB98F813800BFB4B
:10F0800008FB4FEA1B4B0AF800B0DFF880B00BF129
:10F090000A0B1BF801B01BFB0CFB0BFB08FB4FEA38
:10F0A0001B4B09F800B0DFF864B00BF1140B1BF830
:10F0B00001B01BFB0CFC0CFB08FC4FEA1C4C0EF8CF
:10F0C00000C0C9E7B8020020F002002092550020DD
:10F0D0001455002010560020CF550100D702002003
:10F0E000BB550100E402002082000020DB0200206A
:10F0F000A8000020DA020020CA020020D10200206D
:10F10000C802002092000020810000208E5D0020B7
:10F1100000B50B4B052018744FF4C870D885FFF765
:10F12000F1FD01209874002119755874197600209A
:10F13000044A1154401CC0B20A28FAD3D97600BD43
:10F14000F0020020AC5D002070B5124991F821005A
:10F15000401CC0B281F821000F4A1278904202D3BD
:10F16000002081F82100002091F821100B4B01EBC9
:10F1700041010B4C5A5C0B4404F10A0559789B7809
:10F1800004F11406225429543354401CC0B20A28F6
:10F19000F8D370BDF0020020AD5501006D530100A1
:10F1A0008E5D0020F0B5144B02201874C820D8855D
:10F1B000FFF7A8FD0021997419755974197683F821
:10F1C000211000200D4D01EB41020D4BA95C1544AF
:10F1D00003F10A046A78AD7803F11406FF2703F1FE
:10F1E0001E0C1954225435540CF80070401CC0B247
:10F1F0000A28F6D3F0BD0000F00200206D53010094
:10F200008E5D00200B48817E022901D90021817684
:10F21000807E38B1012807D0022807D0042807D102
:10F22000FFF776BFFFF724BBFFF7BCBFFFF7C0BDFA
:10F2300070470000F002002070B51424094D641ED0
:10F24000E4B2022002F01EF800F0F2F8C0B2A97D8C
:10F25000814201D0A8751424002CF0D1A87DE87556
:10F2600070BD0000800000202DE9F04188B0002032
:10F27000421E6D46810001F1E021D1F8003145F8D0
:10F280002030C1F88021401C0828F3D34FF0E0283B
:10F29000D8F81060D8F8100020F00200C8F810006C
:10F2A000154CA76A0020A06240206062A06A40F06E
:10F2B0004000A062032002F050F9206A40F00040B4
:10F2C0002062206A40F04000206230BF206A20F0B7
:10F2D000004020620020810001F1E02155F820204B
:10F2E000C1F80021401C0828F5D3C8F81060A762B7
:10F2F00008B0BDE8F081000000F001400F48D0F8F0
:10F30000101221F00201C0F81012D0F81012890575
:10F31000FBD4D0F8101221F00101C0F81012D0F87F
:10F320001012C905FBD40648016841F002010160D2
:10F33000016821F0010101607047000000F0014008
:10F3400010B101402A4A2A481438016E490503D4F5
:10F35000016E41F48061016626490B6823F00103C8
:10F360000B600B6843F002030B600B6843F0010372
:10F370000B60D0F810120904FBD5D0F8101221F060
:10F380000201C0F81012D0F810128905FBD4D0F891
:10F39000101221F00101C0F81012D0F81012C905A6
:10F3A000FBD4016911601449C0F814120021C0F89F
:10F3B000001240F20111C0F804120622C0F808221F
:10F3C000C0F80C12D0F8101241F00201C0F810126F
:10F3D000D0F8101241F00101C0F81012816A41F416
:10F3E00080318162416841F4003141607047000022
:10F3F00014F0014010B10140C8000300034900208F
:10F40000087003494865488670470000B202002032
:10F410008000002010B50548416A490703D5416ABC
:10F4200041F004014162F0F794FF10BD00F001408B
:10F43000002008494A68520500D402204A68120593
:10F4400001D440F001004968C90701D140F004002F
:10F45000704700000080034010B5FFF7E9FFC1B21C
:10F460001C4A907D884203D00A201076917510BD09
:10F47000117E0029FBD0491EC9B211760029F6D1B0
:10F48000D17D41400029F2D0D0758B0718D0C1073B
:10F4900006D00022BDE810401146782000F05EB88A
:10F4A000800706D50022BDE810401146322000F04A
:10F4B00055B80022BDE810401146C82000F04EB8F3
:10F4C0004907D4D5400702D50120507010BD002057
:10F4D000507010BD800000200146064A0868904226
:10F4E00005D1054A4868904201D1012070470020AB
:10F4F000FCE70000AA55A55AFF0033CC10B54FF425
:10F50000007400234FF4364221460648F4F790F881
:10F510002146BDE8104000234FF438420248F4F77A
:10F5200087B800003A2900203A2B002010B50021AE
:10F53000094B084A1B8809E002EBC1046468844255
:10F5400002D152F8310010BD491CC9B29942F3D31F
:10F55000002010BD903D0100603E01002DE9F00348
:10F560000023DFF84880040ACDB20E0AD7B2110A90
:10F5700000F0FF0CA8F5806208EBC30080F802C021
:10F58000C470057146718771C17102EBC30080F8C8
:10F5900002C0C470057146718771C1715B1C9BB25A
:10F5A000802BE9D3BDE8F003FFF7A8BF3A2D002078
:10F5B0002DE9F04100241B4D1B4F1C4EDFF87080DD
:10F5C0001CE015F81400F2F771FA397811B101292D
:10F5D00009D011E016F8201071B905EB4401497803
:10F5E00000F02EF808E016F8201029B9114901EBB7
:10F5F0004401497800F024F8641CE4B2B8F8000033
:10F600008442DED300240C4D0C4F285D16F82010E8
:10F6100011B9395D00F014F8641CE4B2A82CF4D3DD
:10F62000BDE8F081283C0100A80000203A27002016
:10F63000623C0100643C0100903A0100383B01004B
:10F6400030B504460D462846FFF770FF1D490022DD
:10F6500048B10D2301F8243001EB8401030C4B70F9
:10F660008A70C87030BDA5F1E000022307280BD8CE
:10F6700001F82430144B05F007001B5C01EB8400FB
:10F6800043708270C27030BDA5F1B0001F280CD845
:10F690000E4B33F81000032301F8243001EB8401F2
:10F6A0004870000A8870CA7030BDA5F1A800022811
:10F6B000FAD901F8243001EB840042708570C270E1
:10F6C00030BD00003A270020203C0100E03B010053
:10F6D00049F2032082780C494A7142798A71827911
:10F6E000CA71C17A094A11700178094A1170017B07
:10F6F000084A1170007A08490870002348F20C2269
:10F7000001210448F3F794BF6B0300200701002098
:10F71000490200204002002006010020034A04495B
:10F720000448016041608260704700008C3106002F
:10F730008C31C61820B2014030B599B0202111A8F3
:10F74000F0F7A7FD14210CA8F0F7A3FD0CA8F3F720
:10F75000CDF80D9804280AD12C22164901A8F0F7FB
:10F760007FFD01A8F2F76AFB08B1F1F7D5FD06208D
:10F77000119001241294149415940025169540209C
:10F7800017900320189011A8F3F73CF908B1F1F78E
:10F79000C3FD0F200C9004200D900E9502200F90B9
:10F7A00010940CA8F2F7DCFF002801D0F1F7B4FDAB
:10F7B00019B030BD643A010030B58DB0142108A8ED
:10F7C000F0F767FD20216846F0F763FD6846F3F720
:10F7D000B1F804200090012501956846F3F712F96D
:10F7E0000F200890002409940A9402200B900C9595
:10F7F00008A8F2F7B5FF009404946846F3F702F9FD
:10F80000601E01F072FEF3F707FB0DB030BD000083
:10F8100070B52B4E3268C2F306643268294DC2F3CC
:10F820004212294B002A11D0022A11D0042A12D0E8
:10F830001D6023490839096801F0070108293AD2F7
:10F84000DFE801F02A2C2E30323436381D60F0E724
:10F850001E491960EDE73268D20603D4194A5443B1
:10F860001C6002E0194A54431C603268C2F3012252
:10F8700032B1012A06D0022A06D0032A07D105E0B8
:10F88000202104E0102102E0082100E004211A6890
:10F89000B2FBF1F11960CCE701200CE002200AE094
:10F8A000042008E0082006E0102004E0202002E008
:10F8B000402000E080201968B1FBF0F0186070BDB6
:10F8C0000CF80140001BB700F4110020405DC60099
:10F8D0000248016841F470010160704788ED00E062
:10F8E0002DE9F041344C354F0025207A264600287A
:10F8F0001BD02572F4F780FDF3F70AFDFFF7ACFD8E
:10F90000F4F722FDF3F7E0FDF3F70CFEF5F722FE26
:10F91000A08950B1401E80B2A08130B9787A042805
:10F9200003D1307840F020003070607A10B36572F7
:10F930002349086808B1401E0860F7F749FAFEF746
:10F94000FFFDFEF78BFA03F04FFBFDF73BFFF7F7E8
:10F9500035FCF1F76DFCE079401CC0B2E07108287D
:10F9600008D3E57103F060FB40F26942154916487F
:10F97000F3F72CFAA07A00281BD0A57203F07CF8CC
:10F980001248007850B9787A042807D13078800678
:10F9900004D50F48006808B9F6F7B2F90D490878A0
:10F9A000002806D0401EC0B20870002801D10A48C5
:10F9B0000570BDE8F08100006C000020386F002069
:10F9C0003C020020344C0020C41E002044020020D1
:10F9D000680000209A0000206B03002010B5124937
:10F9E0008868042300F0070002280ED004280BD1F9
:10F9F0000A680F490D4C08782254401C08700D48C5
:10FA000003700D490120087010BD0C4A0C4C107891
:10FA10002478A042F8D20B4C245C0C60401C10707F
:10FA20000948037010BD000000100140C6470020C7
:10FA30004C020020650200204D0200204B020020F5
:10FA40004E020020A44700205202002070B5054657
:10FA5000D5F89C48083C40F6940604E0216A20460C
:10FA60008847A468083C601BB042F7D1002070BDF5
:10FA700010B50446627A012A08D0022A06D0032A69
:10FA800004D02046BDE8104000F020B84888012886
:10FA90000AD10020E07200210448F2F759FC204608
:10FAA000BDE8104000F056B810BD0000586E0020B0
:10FAB00010B50A46024903A000F00FFB004810BD34
:10FAC000F877002044656D6F00000000017A012284
:10FAD00000F0A0B870B50D46144603224260002322
:10FAE000224607211846F8F78AFA23462A46BDE837
:10FAF000704000210148F2F7ECBC0000586E002075
:10FB000010B50521416000231A460A211846F8F76E
:10FB100076FA0023BDE810401A4619460148F2F76C
:10FB2000D8BC0000586E002070B50D461446022265
:10FB300042602B46224606218020F8F760FA2346D1
:10FB40002A46BDE8704080210148F2F7FDBC000064
:10FB5000586E002010B50421416000231A460A2186
:10FB60008020F8F74CFA0023BDE810401A468021A7
:10FB70000148F2F7E9BC0000586E002070B50A4653
:10FB8000204C00F07F0101EB4101236803EBC10130
:10FB900000230D79012D08D0CB704A6101062BD5C9
:10FBA00001462068F2F7D8FB70BDCD78002DFBD060
:10FBB0000D69954202D2CB704B61EFE74D69154458
:10FBC0004D61CD681544CD600D69AA1A0A610A69B4
:10FBD00082B10B698A68934200D80A69030604D58A
:10FBE000C968BDE8704003F069BCC968BDE87040F1
:10FBF00003F0CEBBCB70D1E701462068F2F7E0FB03
:10FC000070BD0000B003002012200880004870473B
:10FC1000A204002070B50D46144605F00F0200EB5B
:10FC2000C20044730023224609212846F8F7E7F969
:10FC300024B129460448F2F771FC03E02946024842
:10FC4000F2F70CFC002070BD586E00200148F2F75E
:10FC5000A0BC0000586E0020C988012901D0FFF720
:10FC600035BF427A00F15801012A05D0022A03D09B
:10FC7000032A07D0FFF72ABF002280F8582001226C
:10FC8000FFF752BF027880F858200122FFF74CBFDF
:10FC90002DE9F843054691460020009005F15804EF
:10FCA0008878012802D90020BDE8F8830921217055
:10FCB0000221617095F86F18217101216171D5F8E9
:10FCC000A408806908B1042000E00020A07195F824
:10FCD0006D0840F08001E17195F86E18217221786D
:10FCE000618005F16107D5F89C68083E40F69408EC
:10FCF00013E0F36B7BB169786A463046984701465A
:10FD0000BDF800203846F0F7ABFABDF80000074414
:10FD1000618808446080B668083E701B4045E8D1A1
:10FD200095F86F1821716088A9F800002046BBE79C
:10FD30002DE9F8430446884600200090002600255F
:10FD4000B8F80210080A062870D006DC012833D063
:10FD5000022839D0032804D144E007283BD00F28DB
:10FD600073D02046FFF7B2FE0125002D22D1B8F84E
:10FD70000620002A6AD0BDF80000002867D0824221
:10FD800000D902460092B0070ED04FF400608242C4
:10FD900000D302460092824200D30246314604F16B
:10FDA00058000646F0F75CFABDF8002031462046C0
:10FDB000FFF7BAFEBDE8F883D4F8A41860784A6863
:10FDC000694690470646D0E76A4641462046FFF717
:10FDD0005FFF0646C9E76A464146204600F0FFF845
:10FDE0000646C2E7C8B205284ED2DFE800F003118C
:10FDF00020313F00D4F8A408826822B160786946B7
:10FE000090470646B1E72046FFF760FE0125ACE7C4
:10FE1000D4F8A408C26822B16078694690470646C3
:10FE2000A3E72046FFF752FE01259EE739E0D4F80C
:10FE3000A408026922B1607869469047064694E7B3
:10FE40002046FFF743FE01258FE730E04FE04AE010
:10FE5000D4F8A408426922B1607869469047064602
:10FE600083E72046FFF732FE01257EE7D4F8A40899
:10FE7000826922B1607869469047064675E7204658
:10FE8000FFF724FE012570E7C9B26A46204600F05C
:10FE90003AF90646300096D12046FFF717FE0125B5
:10FEA00063E76946204600F026F806465DE7D4F889
:10FEB000A408C26992B16078694690470646BDF8C9
:10FEC0000010304602F084FB071E8AD0B87E84F80A
:10FED000B808204600F068F8388346E72046FFF768
:10FEE000F5FD012541E72046FFF7F0FD62E72046DA
:10FEF000FFF730FE5EE738B504460D46D4F8A40897
:10FF00006946426800209047024604F158000A21E1
:10FF10000170062343704FF400734380137903711B
:10FF200053794371927982714022C2710122027227
:10FF300000224272298038BD2DE9F8430546174654
:10FF40000020009005F16A06D5F89C48083C40F670
:10FF500094080FE0636C5BB1694620469847014600
:10FF6000BDF800203046F0F77BF9BDF800000644EC
:10FF7000A468083C601B4045ECD1701B583812281F
:10FF80000DD03880074908810A38088205F15800E9
:10FF900012220446F0F764F92046BDE8F8830020F9
:10FFA000FBE7000035040020F8B50646002000906D
:10FFB0001225D6F89C48083C40F694070AE0626C8B
:10FFC00032B1694620469047BDF80000284485B20A
:10FFD000A468083CA01BB842F1D12846F8BD2DE921
:10FFE000F843054691460020009005F158048878B2
:10FFF000012802D90020BDE8F883092121700721DA
:020000040001F9
:10000000617095F86F18217101216171D5F8A4080C
:10001000806908B1042000E00020A07195F86D0807
:1000200040F08001E17195F86E18217221786180AD
:1000300005F16107D5F89C68083E40F694081AE07F
:10004000F36BB3B16878F0B100216A463046984747
:100050000146BDF800203846F0F702F9BDF800006F
:100060000744618808446080F36B69786A463046CB
:100070009847B668083E701B4045E1D16088A9F8F2
:1000800000002046B7E70121DFE7427A012A05D0C8
:10009000022A03D0032A01D0FFF718BDC98802291C
:1000A00001D0FFF713BD0021A0F8581090F86D287B
:1000B000520603D5012180F8581001E080F858104D
:1000C000C17A29B190F8581041F0020180F8581017
:1000D000022200F15801FFF727BD30B5002811D0EA
:1000E00003234B700223002506E0CC54401C5B1C0C
:1000F0009BB2CD545B1C9BB204780CB1FD2BF4D3A6
:1001000013800B7030BD2DE9F04105460F46904637
:10011000D5F89C48083C40F6940611E0236C6BB17E
:10012000424639462046984740B105F158014246BB
:100130000C46FFF7D2FF2046BDE8F081A468083CDA
:10014000601BB042EAD10020F6E7000010B50123A1
:1001500000EBC304246914B15B1C092BF8D3092BF1
:1001600002D032B1802205E006A001F08BF9002018
:1001700010BD002200EBC3001A43027301610C3072
:1001800010BD00005B555342445D286572726F726A
:1001900029656E64706F696E7420696478206F766B
:1001A00065722072616E67650A0D000010B590F8E7
:1001B0006F280A2A04D308A001F064F9FF2010BDBB
:1001C00000EB8203C3F8741890F86F18491C80F88C
:1001D0006F18104610BD00005B555342445D286502
:1001E00072726F7229696E746572666163652069E7
:1001F0006478206F7665722072616E67650A0D0003
:1002000010B500F507600178052901D205210170BC
:100210000178F02904D304A001F034F9FF2010BDC7
:100220004A1C0270084610BD5B555342445D286568
:1002300072726F7229737472696E672069647820B4
:100240006F7665722072616E67650A0D00000000AE
:1002500010B502F0EFFC0178012901D100210170F5
:10026000002010BD10B502F0E5FC017802210170FC
:10027000002010BD10B504462068002805D0204697
:1002800000F006F80020206010BD002010BD000026
:100290002DE9F047D0F80080B8F1000F04D0002419
:1002A0000027DFF8809037E00020BDE8F08704EBFE
:1002B000C40000EB441008EBC005C03504EB44005B
:1002C00009EBC00A0AF1040A9AF80200C0070CD030
:1002D00005F10806706838B1817829B101781248B3
:1002E000F2F7A6F87068877037709AF802008007F6
:1002F0000DD505F15806706838B1817829B10178BB
:100300000948F2F795F870688770377001E085F852
:10031000A87085F8F070641C99F80000A042C6DC53
:100320000020C2E7A0660020586E00202DE9F041B1
:100330000646306845696888070A2979304602F020
:10034000C1FC0446687809284BD124B1022F08D09B
:10035000032F1BD045E03069FFF7B8FB0020BDE854
:10036000F081D4F840018178890706D4C08820B193
:1003700094F8A800012805D033E03069FFF7A6FB08
:100380000020ECE7022084F8A8002AE0B4F8F2008C
:1003900038B31648D0F888701FB3EB88A978207856
:1003A00004F1F802B84705460021114862184318C5
:1003B00092F8F8201A75491CC9B24029F6D3416950
:1003C0000C4A914207D181690B4A914203D1012124
:1003D00041650020C3E7022D05D015B13069FFF754
:1003E00075FB0020BBE70220B9E70000A0660020F3
:1003F000E4620020AA55A55AFF0033CC2DE9F34F43
:1004000081B00F460198D0F800A0BAF1000F05D0D6
:10041000019802F0B3FC002877D102E00120BDE88A
:10042000FE8F00264FF00108B14681E006EBC601C1
:1004300001EB46110AEBC105C03506EB460100EBA6
:10044000C10B0BF1040B85F802809BF80200C0077A
:100450002BD005F1080427B9A0688088B0F5806F1B
:100460006DD8012F03D1A0688088402867D8A06884
:100470008288402A63D8C07800F00303606801785E
:100480003148F2F700F800906068002303220078FA
:100490000521F7F7B4FD0098B8BB606880F80280CA
:1004A000606880F8019084F800909BF80200800753
:1004B0002CD505F1580427B9A0688088B0F5806F65
:1004C0003DD8012F03D1A0688088402837D8A06884
:1004D0008288402A33D8C07800F00303606801782E
:1004E0001948F1F7D0FF83466068002303220078A3
:1004F0000521F7F784FDBBF1000F20D1606880F87B
:100500000280606880F801900AE018E0BBF80600FD
:1005100030B1B5F8AA0090B1402810D885F8A8905D
:10052000B5F8F20018B1402809D885F8F090761C8B
:1005300006480178B1423FF779AF00206FE7019894
:10054000FFF7A6FE01206AE7586E0020A066002093
:100550002DE9F04788469146076802F00FFC20B16C
:100560000020A9F80000BDE8F08700231A4929E01F
:1005700003EBC30000EB431007EBC000C03003EBFC
:10058000430201EBC204241DA68A042E01D20125D8
:1005900003E0321F01259540EDB2A278D20706D0C4
:1005A000B8F1000F00D02E46D0F838211670A2788E
:1005B000920706D5B8F1000F00D1A58AD0F83C010A
:1005C00005705B1C08789842D2DCB7F8B800A9F82F
:1005D000000007F11800C6E7A066002070B51446B9
:1005E0000368002003EBC00212798A4207D103EBB3
:1005F000C005A868EFF758FE2080A86870BD401CB1
:100600000228EFDB002070BD10B50446002C08D096
:100610004FF4E5610448EFF73CFE034820600020FA
:1006200010BD012010BD0000306700202DE9F0470B
:10063000884615461E464A490969002904D0497A68
:10064000032901D1052802D90120BDE8F087454AD8
:1006500000EB400102EBC101424B897903F19003A9
:100660008A0700EBC00101EB40114FF0000703EBDC
:10067000C10455D504F58C746268917809B151783C
:1006800009B10120E1E7217800EBC00303EB401042
:10069000344B903303EBC00909F5947929B1012952
:1006A0003CD0022923D00120CFE711782E48F1F762
:1006B000E7FEC00714D001202070A06800230721A6
:1006C000828860680078F7F79AFCA0684A468388B9
:1006D000606801782448F1F7FCFE18B10120B4E706
:1006E0000120B2E72078022801D00220ADE760683F
:1006F00001781D48F1F7BCFEA84200DB284682B213
:10070000328049464046EFF7ABFD32884346002130
:10071000FC20F7F774FC2770002096E7022094E78E
:1007200004F5B4742078C8B1012817D0022801D08C
:1007300001208AE7A088A84200DB284682B23280E6
:1007400004F108014046EFF78BFD32884346002153
:10075000FC20F7F754FC2770002076E7022074E7AE
:10076000E8030020A0660020586E002070B51A49EA
:1007700000282ED0097809B1012070BD0178052923
:1007800001D9012070BD00231BE003EB430200EB05
:10079000C202121D9478E50705D095880DB1402D51
:1007A00001D9012070BDA40705D5D4880CB1402C17
:1007B00001D9012070BD1289402A01D9012070BDE4
:1007C0005B1C9942E1DC014603488C229038EFF72C
:1007D00047FD002070BD00003067002070B51E4C42
:1007E0001E4B1B69002B04D05B7A032B01D105281B
:1007F00001D9012070BD00EBC00303EB401004EBF6
:10080000C004C834606883780BB1407808B1012017
:1008100070BD207808B1022070BDA0688088904229
:1008200000D20246154604F110002A460646EFF7AC
:1008300017FD01202070606833462A4600780621A3
:10084000F7F7DDFB60682B4632460178BDE8704063
:100850000348F1F779BE000030670020E80300206C
:10086000586E00202DE9FC410C4601680669002500
:100870006288170A4C61217902F024FA217811F07C
:1008800060027DD0202A7CD1627801F08001114382
:10089000874A81295ED006DC092933D00A2919D07C
:1008A0000B29F0D104E082291FD08329EBD104E089
:1008B000002866D0A1788170F8E00028F9D0811C6A
:1008C0000122304600F0BEFC014601223046FFF70F
:1008D0002BF9EBE00028ECD06188090AC170D16FD8
:1008E0000029E9D000788847E0E00028E1D0C11C69
:1008F0000122304600F0A6FC014601223046FFF7F7
:1009000013F9D3E00028D4D0022F02D0032F0AD04D
:100910000EE0D0F840118A78920709D4C98839B11D
:1009200000F1A80504E0B0F8F21009B100F1F005FB
:10093000002D26D0E088002823D06988884220D85E
:10094000A880E28805F108013046FFF7C3F80120CE
:100950002870ABE0032F22D1B0F8F210F9B1D2F831
:100960008450E5B190F800C000F1F802A17801AB25
:1009700017466046A847E188BDF80420914201E08F
:100980002AE046E000D20A46019228B922B139464F
:100990003046FFF7C9F889E0022819D080E0012F1E
:1009A0007ED1D2F88050A5B306F15802A178007824
:1009B00001AB1746A847E288BDF804108A4200D36D
:1009C0000A46019228B922B139463046FFF7ACF801
:1009D0006CE002286AD063E061780022062919D011
:1009E00003DC39B101295BD160E00A2942D00B292F
:1009F00056D14EE0707A032852D100920222694605
:100A0000304600F01FFC014602223046FFF78CF80A
:100A10004CE045E061882222B2EB112F10D178B171
:100A2000D0F84021E188D068884200D3084680B2DF
:100A3000019011690246304600F004FC014613E0C3
:100A40002122B2EB112F2BD150B3E288092A00D911
:100A500009220192D0F840011649808908820931A3
:100A6000304600F0EFFB0146BDF804203046FFF7AA
:100A70005BF81BE0707A032812D1009201226946CC
:100A8000304600F0DFFB014601223046FFF74CF80C
:100A90000CE0707A032803D1A07810F0FF0F05D086
:100AA0003046FFF713F80120BDE8FC810020FBE78A
:100AB000A0660020C603002010B502480068F1F7C8
:100AC0006BFD10BDB003002070B504460D46002C30
:100AD00023D015B34FF40C612046EFF7DAFB04F690
:100AE0009C0000604060C4F8A458012084F86C08A1
:100AF000297884F86D18697884F86E18607208484F
:100B000004600848F1F756FD044600231A461946CA
:100B1000FF20F7F774FA204670BD012070BD000079
:100B200030040020586E00200420088000487047E0
:100B30009E04002010B50A46024903A0FFF7CDFA33
:100B4000004810BDF8770020494F000070B50446FA
:100B50000846017821704178801C6170054628465E
:100B6000F7F748FA60802846851C2846F7F742FACE
:100B7000A0802846801CF7F73DFAE08070BD000099
:100B800010B50A46024903A0FFF7A7FA004810BDB6
:100B9000F8770020494F2054797065203834204D73
:100BA00061676E6574696320576869746500000049
:100BB00000F6A800016042608360704770B505468A
:100BC0000C46002C03D015B1687A012801D0012011
:100BD00070BD25616169204688470028F8D1083436
:100BE00005F69C0569686C60256061600C6070BDED
:100BF0000148F1F7ABBB0000586E00202DE9F04131
:100C0000054601266E72002068602870E872D5F8EB
:100C10009C48083C40F6940705E014B1216A204640
:100C20008847A468083C601BB842F6D100231A46E6
:100C300005211846F7F7E3F90023402219460B482F
:100C4000F1F721FC00231A4605218020F7F7D7F998
:100C50000023402280210548F1F715FCAE73D5F83A
:100C6000B00800B180470020BDE8F081586E002038
:100C700010B502480068F1F7D3FC10BDB0030020A6
:100C800010B5417A042901D1817A4172D0F8AC08BB
:100C900000B18047002010BD10B502480068F1F790
:100CA000D1FC10BDB003002002200880004870472E
:100CB0009C04002070B50446888800281CD1C88890
:100CC000D0B94888802817D200F07F05607A0328C1
:100CD0000AD029460B48F1F7C5FC2046FEF73AFF3B
:100CE0003DB10220607270BD2046BDE87040FEF745
:100CF000EDBE0120607270BD2046BDE87040FEF779
:100D0000E5BE0000586E002070B50546012095F83C
:100D10006C288A4200D070BDD5F89C48083C40F64B
:100D2000940607E0E2696978204690470028F2D1EE
:100D3000A468083C611BB142F4D170BD2DE9F041BB
:100D4000044600252C4E89783170012905D92046AA
:100D5000FEF7BCFE0120BDE8F081607A02280BD0CE
:100D600003281FD02046FEF7B1FE31782046FEF75B
:100D70006DFE01252846EEE781B121702046FFF780
:100D8000C3FF0546280003D02046FEF79FFEF1E78B
:100D90002046FEF7DFFE03206072EBE72046FEF7F9
:100DA000D9FEE7E70227B1B12078884220D001467A
:100DB0002046FEF74BFE317821702046FFF7A4FF56
:100DC00005468DB12046FEF781FE21782046FEF7CC
:100DD0003DFE6772CEE7677221702046FEF736FE51
:100DE0002046FEF7B7FEC5E72046FEF7B3FEC1E793
:100DF0002046FEF7AFFEBDE73404002010B50446E0
:100E00004888012814D0022852D18888000A012875
:100E100024D002282AD0032830D0042836D02046F7
:100E2000FEF754FED4F8B40800B1804772B6FEE76E
:100E300094F86D0880060AD50120E07201211D4852
:100E4000F1F786FA2046BDE81040FEF783BE002089
:100E5000E0722046BDE81040FEF738BE2046FEF79F
:100E600079FE01211348F1F741FCDBE72046FEF74C
:100E700071FE02210F48F1F739FCD3E72046FEF757
:100E800069FE03210B48F1F731FCCBE72046FEF762
:100E900061FE04210748F1F729FC35220649204666
:100EA00000F0D0F9014635222046FEF73DFEB9E7B5
:100EB00010BD0000586E00204704002070B50446A5
:100EC00004F506600546FFF741FE0020C4F86808F7
:100ED0000120606094F8602812F01F000BD00128F8
:100EE0000FD0022813D02046BDE8704002F08001E8
:100EF0000122FEF78FBE29462046BDE8704000F073
:100F00001FB829462046BDE8704000F047B9294681
:100F10002046BDE8704000F08EB8000010B50146D4
:100F200003480068C0F8D810F1F7A0FB10BD00001E
:100F3000B00300200148F1F7C7BB0000586E002045
:100F40002DE9F84306460D464FF00008297811F0C8
:100F500060003ED020282BD0402805D03046FEF738
:100F6000B5FD4046BDE8F88396F8B8080028F8D0EB
:100F70000906F6D569788142F3D16A46294630469A
:100F8000FEF7DAFF014659B1EA886AB1BDF8000000
:100F9000824200D9024600923046FEF7C5FDE0E7E6
:100FA0003046FEF793FDDCE73046FEF7D3FDD8E789
:100FB000D6F89C48083C40F6940706E0626A294649
:100FC000204690478046A468083CA01BB842F5D153
:100FD000C7E768780A282AD2DFE800F01A24291F18
:100FE000290A0529150F29463046FEF7A1FEB8E764
:100FF00029463046FFF75EFEB3E729463046FFF745
:101000009DFE8046ADE729463046FEF725FEA8E75F
:1010100029463046FFF739F8A3E729463046FFF75F
:10102000EDFE9EE729463046FEF722FD99E7304661
:10103000FEF74CFD95E72DE9F04104460D460027EB
:10104000297901F07F0004EBC0060C36287810F0F7
:10105000600012D0202807D0402805D02046FEF797
:1010600035FD3846BDE8F0817068C4F868087068DE
:101070002946426A90470746F3E7687800285BD024
:1010800001282ED0032803D02046FEF71FFDE8E7F5
:10109000607A022805D0032814D02046FEF716FDFA
:1010A000DFE759B1802909D001222046FEF7B2FDC1
:1010B000012280212046FEF7ADFDD2E72046FEF753
:1010C00005FDCEE7688840B939B1802905D0E888A8
:1010D00018B901222046FEF79DFD2046FEF73AFD95
:1010E000BFE7607A022805D0032814D02046FEF717
:1010F000EDFCB6E759B1802909D001222046FEF760
:1011000089FD012280212046FEF784FDA9E72046C3
:10111000FEF7DCFCA5E768880028A2D1480603D0CA
:1011200000222046FEF776FD2046FEF713FD70688C
:101130002946426A904794E7627A002304F15800F6
:10114000022A05D0032A12D02046FEF7BFFC88E70A
:1011500029B1802903D02046FEF7B8FC81E7A4F826
:101160005830014602222046FEF7DEFC79E701F006
:101170000F0104EBC101897B61B1A4F8583071788B
:1011800011B1012184F85810014602222046FEF7D1
:10119000CBFC66E72046FEF799FC62E770B5044693
:1011A0000D4600262979287810F0600008D0202804
:1011B00006D0402804D02046FEF788FC304670BD9B
:1011C000607A012807D0022805D0032803D02046E2
:1011D000FEF77CFCF2E794F86F0888421AD304EB20
:1011E0008100D0F87408C4F8680818B1426A29462A
:1011F00090470646E8880028E0D1002EDED1207A0C
:10120000802803D02046FEF77BFCD7E72046FEF778
:10121000A1FCD3E72046FEF759FCCFE710B5417A91
:10122000817204214172D0F8A808002800D08047BC
:10123000002010BD10B502480068F1F747FA10BD54
:10124000B003002010B54FF400639A4200D31A4651
:1012500058300446EFF704F8204610BD10B5EFF7FC
:10126000A1F810BD05490120487105490003086037
:10127000BFF34F8FBFF36F8F704700000000002057
:1012800088E100E000B5024602E0642000F004F8C6
:10129000521E501CF9D100BD00EB8010C000401E52
:1012A000411CFCD1704700002DE9F041F4F7A4FC8B
:1012B0005C4D5D4F0123687A05F16604A0F1E00101
:1012C000072912D8697B012908D000F0070021788E
:1012D000385C81432170AB77BDE8F08100F00700F6
:1012E0002178385C01432170F5E7A0F1B0010026B8
:1012F0001F2914D84B4C687B03223C34012805D0AD
:10130000214622704E708E70EB77E5E7474830F843
:101310001100214622704870000A8870F4E7A0F19D
:10132000A801022917D83F496C7B02223431012CD5
:1013300009D00A7038444A7810F8A80C82434A70E1
:1013400085F82030C8E70A7038444A7810F8A80CAD
:1013500002434A70F4E7697BDFF8D4C001290BD05F
:10136000AA7A72B3A11891F80280804527D18E70B5
:10137000AB77521EAA723DE0AA7A052A10D24AB172
:10138000002105E06618B6788642A5D0491C89B2CE
:101390009142F7D3A1188870521CAA72AB779BE7D1
:1013A000782899D28CF800300CEBD00100F00700BF
:1013B0004A78385C02434A7085F821308CE7002176
:1013C00016E017E004EB010898F8028080450DD183
:1013D000521E04E06018C7788770491C89B2914298
:1013E000F8DB60188670AB77AA7275E7491C89B282
:1013F0009142E7D3782888D200F00701795C03EBAB
:10140000D00081F0FF021CF800400C429AD08CF80A
:1014100000301CF8001011400CF8001085F8213045
:101420005AE7000080000020203C0100E03B010062
:10143000801F00200749487E00280AD0401EC0B205
:101440004876002805D10120C87700203C3148703B
:101450008870704780000020002008494A685205C3
:1014600000D402204A68120501D440F00100496806
:10147000C90701D140F0040070470000008003401C
:1014800070470000014A024900F0E4BA212C010033
:10149000FC110020002809DB00F01F02012191400F
:1014A0004009800000F1E020C0F880127047002859
:1014B00009DB00F01F02012191404009800000F18A
:1014C000E020C0F88012704700280DDB00F01F02FA
:1014D000012191404009800000F1E020C0F8801116
:1014E000BFF34F8FBFF36F8F704700280DDB00F005
:1014F0001F02012191404009800000F1E020C0F866
:101500008011BFF34F8FBFF36F8F7047002809DB47
:1015100000F01F02012191404009800000F1E0200D
:10152000C0F800117047002809DB00F01F020121FC
:1015300091404009800000F1E020C0F800117047A0
:10154000002809DB00F01F020121914040098000C2
:1015500000F1E020C0F800117047002809DB00F01E
:101560001F02012191404009800000F1E020C0F8F5
:10157000001170470907090E002804DB00F1E02084
:1015800080F80014704700F00F0000F1E02080F8B0
:10159000141D70470907090E002804DB00F1E02044
:1015A00080F80014704700F00F0000F1E02080F890
:1015B000141D704702E008C8121F08C1002AFAD1A2
:1015C00070477047002001E001C1121F002AFBD1C3
:1015D000704770B504460D462046F1F724FC94F898
:1015E0003000226808280CD04FF03C0013584FF010
:1015F000010000FA05F043EA000305D14FF0700046
:1016000004E04FF07000F1E74FF03C00135070BD64
:1016100070B504460D462046F1F706FC94F83000FC
:10162000226808280CD04FF03C0013584FF00100FE
:1016300000FA05F043EA000305D14FF0700004E022
:101640004FF07000F1E74FF03C00135070BD000008
:101650002DE9F0434D680368092A54D090F83040D2
:10166000082C52D0182404EB820423441D600A2560
:10167000B2FBF5F31426046806EB8303DFF89080D1
:1016800054F803C090F8303003EB830707EBC30333
:1016900008EB4303012733F8123007EB1329CB681B
:1016A00003FA09F34CEA030CB2FBF5F306EB8303F0
:1016B00044F803C0B2FBF5F3046806EB83038968C2
:1016C00054F803C090F8303003EB830909EBC303EF
:1016D00008EB43034FF0020833F8123008EB1323F2
:1016E00099404CEA010CB2FBF5F106EB810144F89C
:1016F00001C05100032283698A4093438F403B43DA
:101700008361BDE8F0834033B0E71C24ABE7000001
:10171000C85A0100F0B40B68092B73D2DFE803F05C
:10172000720508080872726F6F00F0BCFFF790BF77
:1017300090F830400368082C06D04FF034041D594F
:1017400005D14FF0640404E04FF06404F7E74FF074
:1017500034041D5190F8304005684FEA4203082CCC
:1017600005D04FF030042E5904D11C4604E04FF050
:101770005C04F8E703F104044FF0030707FA04F7E9
:1017800026EA070602D14FF05C0401E04FF0300476
:101790002E5190F830500468082D10D04FF03005CD
:1017A00066590D68A5F1010501D003F1040305FA9E
:1017B00003F546EA050605D14FF05C0304E04FF05F
:1017C0005C05EDE74FF03003E65090F830400368D9
:1017D000082C0BD04FF030041D590C6904FA02F4A8
:1017E00045EA040505D14FF0580404E04FF05804D1
:1017F000F2E74FF030041D51F0BCFFF729BFF0BCF9
:1018000000F002B8F0BC7047F0B490F830400368C4
:10181000082C0CD04FF034041D594FF0010404FA89
:1018200002F445EA040505D14FF0640404E04FF0EA
:101830006404F1E74FF034041D5190F8304005681E
:101840004FEA4203082C05D04FF034042E5904D13E
:101850001C4604E04FF06004F8E703F104044FF085
:10186000030707FA04F726EA070602D14FF06004DF
:1018700001E04FF034042E5190F830500468082DE8
:1018800010D04FF0340566590D68A5F1050501D05B
:1018900003F1040305FA03F546EA050605D14FF006
:1018A000600304E04FF06005EDE74FF03403E650CD
:1018B000F0BCFFF7CDBEF0B5D0E900434FF4807522
:1018C00005EB431323441B88C3F3C125C3F301264F
:1018D000C3F34117C3F3C103032F01D0032B03D17B
:1018E000B54201D00120F0BD83680BB1012B09D1B5
:1018F000836A73B1636AC3F38003012B0DD0436A1B
:10190000012B0AD0006A70B101280ED002280FD135
:101910000DE0636AC3F34003EFE7880701D00120BD
:10192000F0BD0020F0BD002202E0012200E0032211
:10193000114201D00120F0BD0020F0BD4168022914
:1019400003D0042901D001207047806808B100202D
:10195000704701207047D0E90012022A16D0CA68E9
:1019600022F00202CA600168CA6842F00402CA603A
:10197000026881685160026845F6B921916000688B
:10198000C16841F00101C16000207047CA6822F0BF
:101990000402CA600168CA6842F00202CA60E7E74E
:1019A0002DE9F04104460E4662690F25D00804EB8C
:1019B0008000082AC16901D2104601E0A2F10800A6
:1019C0004FEA800005FA00F001EA000101D3A2F11C
:1019D00008024FEA820021FA00F1CFB22046F1F767
:1019E00039FB042F02D12046F1F7B1FB94F83010F7
:1019F000206808290CD04FF03C0142584FF00101FB
:101A000001FA06F142EA010205D14FF0700104E04B
:101A10004FF07001F1E74FF03C0142506561BDE8C5
:101A2000F08100000849884201D100207047074931
:101A3000884201D1152070470549884201D12520EF
:101A4000704735207047000000700340008003405D
:101A5000009003402DE9F04116460F46044600254C
:101A600003E03946B047641C6D1C20780028F8D18B
:101A70002846BDE8F08100002DE9FF4F81B0044603
:101A80000E9F924699462068056925490D40816858
:101A900021F4C076056120688660A06C40F02000CB
:101AA000A0644B46524600972046029900F0ABF9DD
:101AB0002068816841F00C0181604FF010084FF000
:101AC0000E0B97B121683B4618315246A06DF0F7D6
:101AD0001FF930B184F84580C4F84CB005B0BDE8BA
:101AE000F08F45F0900546F08006B9F1000F10D058
:101AF00022684B461832606D0299F0F709F920B15F
:101B000084F84580C4F84CB0E8E745F4815546F4C4
:101B1000807620688660206805610020DEE700008E
:101B20004F00FEFF806C00210164016B002901D190
:101B300000F000B9704710B5806C102180F8451096
:101B4000C164EEF71FFC10BD70B50446F0F7C2FE8D
:101B50004FF47A75B0FBF5F6734A206873499042EA
:101B60000CD10868C00304D4F0F7D8FEB0FBF5F040
:101B700020E0F0F707FFB0FBF5F01BE06C4A904265
:101B80000CD10868800304D4F0F7C8FEB0FBF5F070
:101B900010E0F0F7F7FEB0FBF5F00BE0086840034B
:101BA00004D4F0F7BBFEB0FBF5F003E0F0F7EAFE7B
:101BB000B0FBF5F0E269E168521C920072435143B8
:101BC000C0EBC000814201D8012070BD606828B11F
:101BD000012803D002282AD0012070BD20680168A6
:101BE00021F4E04101F5805101602068227C016808
:101BF00062F3CF3101602068C1696FF30901C161EF
:101C0000606918B1012801D0012070BD21680A68FF
:101C100060F341020A60A06918B1012801D00120D7
:101C200070BD21680A6860F300020A600CE0206859
:101C3000016821F4E04101F5005101602068227C37
:101C4000016862F345110160A068F8B1012801D074
:101C5000012070BD2068016841F4003101602068F6
:101C6000016841F4803101602068A28B416862F311
:101C70000F0141602068016821F00C01083101600A
:101C80002068016841F40021016013E020680168C8
:101C900021F4003101602068016821F48031016085
:101CA0002068016821F00C0101602068816841F022
:101CB00002018160206A18B1012807D0012070BD9F
:101CC0002068016821F04001016009E02068016896
:101CD00041F0400101602068816841F002018160AB
:101CE000E068411F0B291CD82168401E4A6860F338
:101CF00016424A60A089401EC00884F8500020683F
:101D00004168C1F30642521C01219140491EA4F8CA
:101D10005210A18C6163816841F040018160002014
:101D200070BD012070BD000000A0024000F801401D
:101D300000B0024010B5102180F84510826A816B16
:101D4000002A00D039B101B1DAB1002918D0002A37
:101D500016D0016827E0016800E000BFCA6852079A
:101D6000FBD40A6922F4F8320A6101680A6922F098
:101D700020020A61816C21F002018164EEF705FB0B
:101D800010BD01680A6922F478620A6101680A6973
:101D900022F010020A61816C21F004018164EEF7E7
:101DA000F3FA10BD00BFCA685207FBD40A6922F4D7
:101DB000F8320A6101680A6922F478620A610168EE
:101DC0000A6922F020020A6101680A6922F0100201
:101DD0000A61816C21F008018164EEF7D4FA10BD2C
:101DE000806C00210163016C002901D1FFF7A2BFC3
:101DF000704710B5806C102180F845100F21C16428
:101E0000EEF7C0FA10BD70B5049C0025C5640568E6
:101E1000AE6846F00C06AE60856CAD0606D490F850
:101E200050506D1CB3FBF5F3B4FBF5F48162C36253
:101E300003638263C463046470BD0000F0B50A26C6
:101E4000B1FBF6F31427046807EB8303E55890F819
:101E5000303003EB830C0CEBC303DFF844C00CEB16
:101E6000430333F811301B0A9A401543B1FBF6F2D5
:101E700007EB8202A5504900032382698B409A43F5
:101E800002238B401A43826120210174006801689B
:101E9000CA0702D141F0010101600020F0BD00003D
:101EA000C85A01002DE9F05F04460027E76294F864
:101EB00030304A4D03EB830000EBC30005EB4000DC
:101EC00010F8110080070AD0C80804EB8000082928
:101ED000D0F81C80A1F1080005D20D4604E04FF0B7
:101EE0000100BDE8F09F05464FEA85064FF00F055B
:101EF00005FA06F508EA050601D20D4600E005469A
:101F00004FEA850526FA05F6F5B2012D03D0022D1C
:101F100001D00120E5E74E004FF0030BD4F818C0C4
:101F20000BFA06F90CEA090C2CFA06FC0CF0FF0A75
:101F300001F114064FF00109BAF1010F26D008296A
:101F400001D28A4600E082464FEA8A0A0BFA0AFB6F
:101F500008EA0B0800D208464FEA800028FA00F889
:101F6000B8F1010F0ED0BCF1020F0BD1D4F800C0B4
:101F7000082B09D034205CF8000009FA06FC10EAAE
:101F80000C0F03D00120ACE76020F4E794F829009F
:101F9000012813D084F82990012D18D02068082B2F
:101FA0000FD04FF03403C55800D10E4609FA06F998
:101FB00045EA090508D14FF0680307E04FF0020039
:101FC0008FE74FF06803EEE74FF03403C55020462B
:101FD000FFF734FF84F8297083E70000C85A010036
:101FE0002DE9F04104460A25B1FBF5F014272268DB
:101FF00007EB8000165894F8300000EB800303EBE9
:10200000C000104B03EB4000012330F81100000A20
:1020100003FA00F08643B1FBF5F007EB80001650A1
:1020200048000321A26981408A4383401A43A26188
:10203000204600F0E9F810B9204600F09FF8002093
:10204000BDE8F081C85A01002DE9F04104460025A1
:10205000E56294F83000324B00EB800202EBC002E4
:1020600003EB420212F81120920709D0CA0804EBD0
:1020700082020829D669A1F1080205D20B4604E0C4
:102080004FF00100BDE8F08113464FEA83074FF09F
:102090000F0303FA07F306EA030600D20A464FEAE3
:1020A000820226FA02F6F2B2012A03D0022A01D0F5
:1020B0000120E7E74B000327A6699F403E40DE4032
:1020C000F3B2022B01D00120DCE794F82930012B78
:1020D0000DD0012384F82930012A1BD0226808285A
:1020E00008D04FF03400165807D1084607E04FF0EB
:1020F0000200C7E74FF06800F5E701F1140003FAAA
:1021000000F326EA030602D14FF0680001E04FF029
:10211000340016502046FFF763FF84F82950B1E7DA
:10212000C85A01000722014900F03AB8BC5B01001F
:102130000322014900F034B8D85B010004220149B0
:1021400000F02EB8E45B010001680A7DD2070DD0D3
:1021500090F83020082A07D03822895CC90705D0BA
:1021600000214161FFF71CBC6C22F6E770470000BC
:102170000D22014900F014B8F45B010002681168F7
:1021800021F001011160026841F002011160034970
:102190000A689207FCD410210174704700000240C5
:1021A0002DE9F04105460E46174600244FF0010880
:1021B00022E056F824302868D9B24FEA132C41584F
:1021C00008FA0CFC424611EA0C0F13D095F83010B7
:1021D000082915D038214058C3F307418A401042DE
:1021E00008D0C3F303601A0F6A61064A52F8202030
:1021F00028469047641CE4B2BC42DAD3BDE8F081C3
:102200006C21E8E7A403002030B590F828102029BD
:1022100010D0002185690324480004FA00F305EA80
:102220000302C240D0B2022806D0491C0C29F3D9BF
:10223000002030BD012030BD012030BD204B0168A1
:10224000CA1A994224D00FDCB1F1804F30D01D4A18
:10225000891831D0B1F5F83F16D0B1F5003F02D161
:10226000012180F830107047B2F5805F14D0B2F5CC
:10227000304F15D0B2F5404F16D0B2F5504FF2D1D5
:10228000082180F830107047002180F83010704726
:10229000022180F830107047032180F83010704719
:1022A000042180F830107047052180F83010704705
:1022B000062180F830107047072180F830107047F1
:1022C0000020024000F0FFBF70B5084D0024AC7044
:1022D000EC702C7118210648EDF7DBFFEC612C62E5
:1022E0006C62AC62EC622C6370BD0000FA000020EE
:1022F000DA410020012903D0022903D000207047D1
:1023000000207047000601D501207047012070476A
:102310002DE9FF4F81B0DDE90F2A0E9B012400F06B
:102320007F05060602D5032900D10221A5F1010E81
:102330000126A6EBD017461E06F0030607EB46065D
:10234000B7004FF00F0C0CFA07FC03F00F06BE406D
:102350006E4F052D0CD2D7F8A08128EA0C08C7F8DB
:10236000A081D7F8A0C14CEA060CC7F8A0C10BE0C9
:10237000D7F8A48128EA0C08C7F8A481D7F8A4C12B
:102380004CEA060CC7F8A4C1C60902F0010C0AF019
:102390000308521C0AF1010A02FB0A324FF03F09FE
:1023A000009251E0DFF868B14FF0010A0BEBC30275
:1023B00082F87CA004B101E04FF0000A82F87DA011
:1023C00082F87E6005EB450A0BEB8A0A0AF1100AD7
:1023D000C2F880A0C3F3800A9A07D20EBAF1000FA8
:1023E00052D0A4B1D7F8D8A109FA02FB2AEA0B0A05
:1023F000C7F8D8A1AA4666F31F1AD7F8D8B10AF0D1
:102400003F0A0AFA02FA4BEA0A0BC7F8D8B1D7F822
:10241000DCA109FA02FB2AEA0B0AC7F8DCA1640175
:1024200044EA0C1444EA880401F0030A44EA0A046A
:10243000D7F8DCA104F03F0494404AEA040AC7F844
:10244000DCA100245B1CDBB2009A9A42AAD80106E8
:102450000398C0F30A0048D5049901F0030140EA4B
:10246000413040F4805107EB8E00C0F86011D0F885
:102470006011C904FBD5D0F8601121F48051C0F877
:10248000601105B0BDE8F08FA4B1D7F8A8A109FA92
:1024900002FB2AEA0B0AC7F8A8A1AA4666F31F1A8C
:1024A000D7F8A8B10AF03F0A0AFA02FA4BEA0A0B77
:1024B000C7F8A8B1D7F8ACA109FA02FB2AEA0B0ABF
:1024C000C7F8ACA1640144EA0C1444EA880401F0A2
:1024D000030A44EA0A04D7F8ACA104F03F0494408C
:1024E0004AEA040AC7F8ACA1ABE740F4805107EB15
:1024F0008E00C0F88011D0F88011C904FBD5D0F847
:10250000801121F48051C0F88011BAE700700540B5
:10251000E06500202DE9F04100F07F04A4F1010CFA
:102520000123A3EBD015431E03F0030305EB430384
:102530009D000F2707FA05F3234E052C05D2D6F888
:10254000A0411C43C6F8A04104E0D6F8A4411C43B6
:10255000C6F8A441002501EB020818E01B4A02EB73
:10256000C102D567C2F88050C1F380038A07D20E3A
:10257000BBB1D6F8D83107FA02F42343C6F8D831F4
:10258000D6F8DC212243C6F8DC21491CC9B28845B3
:10259000E4D8000612D506EB8C00C0F86051BDE807
:1025A000F081D6F8A84107FA02F31C43C6F8A84107
:1025B000D6F8AC211A43C6F8AC21E6E706EB8C004E
:1025C000C0F88051EBE7000000700540E065002096
:1025D0007FB504460D460EA090E80E00C0688DE859
:1025E0000E0003900CE020781C2805D110226946CB
:1025F000201DEDF760FE40B12078291A8DB2044409
:10260000002DF0D1002004B070BD2046FBE7000093
:10261000DF60DDD88945C74C9CD2659D9E648A9F4A
:1026200070B52E480078002810D12D4D0024287850
:1026300068B12C48007850B11D2808D040222A49A2
:102640000220FEF7CBF8002800D12C7070BD274D7A
:10265000287888B1402226490220FEF7BFF80028DA
:10266000F4D12349234A0120897850542248017823
:10267000491C01702C7070BD204D287840B140225B
:102680001F490220FEF7AAF80028F4D12C7070BD73
:102690001C4D287840B140221B490220FEF79EF8CD
:1026A0000028F4D12C7070BD184D287840B140221C
:1026B00017490220FEF792F80028F4D12C7070BD63
:1026C000144D28780028FAD0402209490220FEF74C
:1026D00085F80028F3D12C7070BD00004402002062
:1026E0006E030020B80200203C630020010100209E
:1026F000824400205A410020040100202E020020C4
:10270000C24400202F020020024500203002002099
:1027100042450020310200202DE9F05FC44901202C
:1027200081F82500C348DFF81C93DFF80CE390F82C
:1027300000C0087A4A7BC14CC14F99F80010C24EC4
:10274000C24D0EEB4003BCF1070F09D0DFF800B318
:10275000DFF800A34FF0FF08BCF1080F23D07CE0A6
:102760001EF810005B7805EBC000C55CBA48007825
:102770008AB1401E6055082902D0FF2904D00CE020
:10278000284600F0BFFA08E03079012805D1284634
:1027900000F0B8FA01E0801E6055615DAF48405C12
:1027A0007855BDE8F09FEAB31EF810005978AC4A9E
:1027B000515C1BF800200A430BF800201AF8002097
:1027C0000A430AF8002001200BEB00011BF800303F
:1027D00011F8012D1A430A70C0F1150101EB0A032B
:1027E0001AF8012013F8013C1A430AF80120401C92
:1027F000C0B21528E8D30024954810F804B09548D5
:10280000005D4BEA000B4FF0000A5FEACB7016D078
:1028100005EBC40010F80A0007F8008099F80010D2
:10282000082900E019E002D0FF2903D007E000F0FA
:1028300069FA04E03179012901D100F063FA4FEA25
:102840005B0B0AF1010A0AF0FF0ABAF1060FDCD3AA
:10285000641CE4B2152CCFD3A3E7BCF1090F03D05D
:10286000BCF10F0F20D079E01EF810005B7805EB6B
:10287000C000C55C12B10020605510E00120605519
:10288000082902D0FF2904D009E0284600F03AFACE
:1028900005E03079012802D1284600F033FA615D65
:1028A0006E48405C78557CE7F2B31EF810005A7809
:1028B0006B4B9A5C0BF800200AF80020694B1A5405
:1028C000694B1A54082902D0FF2906D00DE005EB08
:1028D000C000805C00F016FA07E03179012904D1CC
:1028E00005EBC000805C00F00DFA0024584810F899
:1028F00004B05848005D4BEA000B5A48015D5A4845
:10290000005D01434BEA010B4FF0000A5FEACB7018
:1029100016D005EBC40010F80A0007F8008099F8FB
:102920000010082904D000E018E0FF2903D007E0D8
:1029300000F0E8F904E03179012901D100F0E2F971
:102940004FEA5B0B0AF1010A0AF0FF0ABAF1060F1F
:10295000DCD3641CE4B2152CC8D322E7BCF1120FFF
:102960002AD1334C42B3414A1278012A9BD1227BAF
:10297000002A98D11EF810005A7805EBC000805C40
:102980003B4A082907D2135CFF2B02D002F80080D3
:102990000BE0115409E0115CFF290AD0491C1154C5
:1029A000115C082901D302F8008032490120087027
:1029B000F7E600211154F3E7BCF1130FCDD1002A43
:1029C000CBD01EF810003F210BF800100AF80010C1
:1029D00000241F4810F804B01E48005D4BEA000BAD
:1029E0004FF0000A5FEACB7014D005EBC40010F87A
:1029F0000A0007F8008099F80010082902D0FF2982
:102A000003D007E000F07EF904E03179012901D11B
:102A100000F078F94FEA5B0B0AF1010A0AF0FF0AAD
:102A2000BAF1060FDED3641CE4B2152CD1D3B8E69C
:102A300080000020B8020020E64F0100FB58002073
:102A400096540020C2020020E8020020E650010057
:102A500096570020AB570020BA4D01003A4D0100B7
:102A6000203C0100C0570020D5570020C70200209D
:102A7000FF570020B402002010B5234C608E0028C0
:102A80000DD0401E80B26086002808D1606DC1075D
:102A900006D0F9F76BFD606D20F00100606510BD98
:102AA000810703D520F00200606510BD410703D502
:102AB00020F00400606510BD010709D5012084F8ED
:102AC0002700F5F781FA606D20F00800606510BD01
:102AD000410606D5F9F7AEFD606D20F04000606557
:102AE00010BD10F4706FFBD0084800780028F7D0B4
:102AF000074908780028F3D0401E0870052060863A
:102B0000BDE81040EEF7C0B980000020440200206C
:102B10006602002070B52B480078002850D12A4D5D
:102B20000024A87F38B1082205F166010020FDF7D6
:102B300055FE00B9AC77E87F50B1234903203C3102
:102B4000087003220120FDF749FEF8B9EC772AE06E
:102B500095F8200058B11C49022034310870022237
:102B60000120FDF73BFE88B985F820401BE095F871
:102B7000220060B11448062160300170014606222F
:102B80000120FDF72BFE08B985F822400BE068799B
:102B900048B10D4905205031087004220120FDF78D
:102BA0001DFE00B96C7195F82100002808D0102294
:102BB00006490120FDF712FE002801D185F82140C9
:102BC00070BD00004402002080000020801F002013
:102BD00070B51148007800280CD1104C0025A07F5A
:102BE00048B1082204F166010020FDF7F7FD002836
:102BF00000D1A57770BD94F822000028FAD00749CB
:102C000006206031087006220120FDF7E7FD00284C
:102C1000F0D184F8225070BD4402002080000020D2
:102C200038B504468DF8000069460320ABBE204647
:102C300038BD0000F0B505680022154C267822E06A
:102C400002EBC20000EB421005EBC000C03002EB0B
:102C5000420304EBC3031B1D0F0608D59F78FF0733
:102C600005D0C7683F788F4201D10830F0BD0F060C
:102C700008D49B789B0705D5C36D1B788B4201D187
:102C80005830F0BD521C9642DADC0020F0BD000046
:102C9000A066002010B51046002903D0022901D0FB
:102CA000012010BD40221A800449EDF7D9FA0448EA
:102CB000017841F002010170002010BDF86200208F
:102CC0006703002010B5026800200D4B1B7812E04E
:102CD00000EBC00404EB401402EBC40494F8C140C0
:102CE0008C4207D100EBC00101EB401002EBC000A9
:102CF000C03010BD401C8342EADC002010BD000043
:102D0000A066002070B50446164D95F82800401CBA
:102D1000C1B285F82810642902D9643985F82810D1
:102D20004FF0E0208069C0B2EDF792FAEDF786FA35
:102D300095F82810084400F07F010B480078814284
:102D400001D9081AC1B201EB41000849084B0A5CDD
:102D50001A550844074A41781155074980780855A3
:102D600070BD0000B4020020D45201009651010051
:102D70001C5300209A530020185400202DE9FC5FBA
:102D80008146D9F8004000252078012812D0022879
:102D900013D08C48A060D9F81000FDF731FA2071EB
:102DA000FF280CD0874800260E3006720020864A85
:102DB000137816E00020BDE8FC9F0120FBE74FF0F0
:102DC000010BF7E000EB400102EBC101897901F052
:102DD0000107C1F340013944C1EBC1010D44123573
:102DE000401C8342EEDCA02D02DD4FF0010BE1E040
:102DF0000020C4F8B80004F11807804671480E306E
:102E000000F112011930CDE90001C2E008EBC80160
:102E100001EB481104EBC106C03608EB480100EB9A
:102E2000C1052D1DC43606F8C48CF5670020B067B7
:102E30007067C43E4946D9F81000FDF7B7F90A2873
:102E400002D34FF0010BB5E07070DFF878A10AF102
:102E50000E0A8AF80200A87800F00101C0F34000D1
:102E600008448AF8040028788AF8060068788AF806
:102E70000700A889AAF810009AF8002051463846A1
:102E8000EDF7EEF954F8B81F9AF8000001442160FC
:102E900007449AF809200AF109013846EDF7E0F9EC
:102EA0009AF809002168014444F8B8190744A87841
:102EB000C0072BD006F1080A01224946D9F81000B4
:102EC000FDF744F90100CAF8041053D001980978BD
:102ED0008170A9888180297D81718088F0B3CAF8CA
:102EE0000870B81DC6F83801DFF8D8A038460AF1D6
:102EF0000E0A01999AF81220EDF7B2F99AF8120029
:102F0000D4F8B8100144C4F8B8100744A878800772
:102F100036D506F1580A00224946D9F81000FDF7C7
:102F200015F90100CAF8041027D0009809788170BB
:102F3000E9888180297D8171DAF80800808868B18C
:102F4000CAF80870B81DC6F83C01DFF878A038460A
:102F50000AF10E0A00999AF8192000E02AE0EDF72C
:102F60007FF99AF81900D4F8B8100144C4F8B810E1
:102F7000074409E04FF0010B1CE04FF0010B19E092
:102F8000E88808B1A6F8AA002889A6F8F20008F196
:102F900001080D48017841453FF738AF391BD4F897
:102FA000B8001839884205D1A02803D80120207024
:102FB000002000E7022020704846FDF769F95846D6
:102FC000F9E60000B8030020A066002010B505480F
:102FD000016D41F00201016500F080FC00F09EFCF3
:102FE000002010BD00F0014008B56B4640220A49A0
:102FF0000020FDF71BFB18B9074808490078087046
:103000006B46402206490220FDF710FB002802D142
:1030100004490120087008BD017A0020E462002004
:103020007C6300206F0300202DE9F0410024094952
:1030300000200860084E094F094D335D3A5D295D57
:103040002046F3F725FE641CE4B27E2CF5D3BDE8E0
:10305000F0810000344C00201056002092550020D2
:1030600014550020EFF7FCF8EDF73CFCF1F7AEF853
:10307000F4F7E6F8FBF7FEFAFBF790F8F0F77AF8CA
:10308000F1F76EFFFCE700000748016841F00061BE
:103090000160016841F080610160044801680160DD
:1030A0000021416000207047ECFB01408470054026
:1030B0000849002806D0D1F8000140F00100C1F80D
:1030C000000105E0D1F8000120F00100C1F8000185
:1030D0000020704700700540704700000A48D0F893
:1030E000001141F01001C0F80011D0F80011C9061C
:1030F000FBD4D0F8141121F00101C0F814110349D8
:10310000002008707047000000700540E065002056
:103110000449002008700448016841F00101016081
:1031200000207047E06500201471054030B504466A
:1031300004F07F0500231A4609212046FFF7CCFF43
:10314000ADB104F07F000B49A0F10100220601EBB4
:10315000800006D5D0F8601121F4C051C0F860118C
:1031600005E0D0F8801121F4C051C0F88011002092
:1031700030BD00000070054070B500F07F040023F2
:103180001A460F21FFF7A8FF54B1174904EB44007A
:1031900001EB80021032907A144E144D40361BE041
:1031A0001348D0F8201141F00801C0F82011D0F8E0
:1031B00020110907FBD414E0042C02D205EB800196
:1031C00002E0011F06EB81010B6843F480530B60A2
:1031D0000B68DB04FCD4401C917AD37A19448142F9
:1031E000EADC002070BD0000E0650020B071054001
:1031F0000070054010B500F07F01194A01EB410154
:1032000002EB81011031CA7A002A14D0154AD2F893
:103210004831030611D5D2F84831897A012410319A
:103220008C40234219D0D2F8482100230E21FFF709
:1032300053FF012010BD002010BDD2F84831897A1B
:103240004C000321A1400B4207D0D2F848210023B3
:103250000E21FFF741FF012010BD002010BD00002E
:10326000E0650020007005402DE9FF4F83B08146E6
:103270008846924609F07F0706AB4246052148463C
:10328000FFF72AFF384B394A4FF0000B57B3BDF810
:103290001800401EC0F347260024FF25414648463B
:1032A000FFF728F80146D3F80401000605D4D3F847
:1032B000040140F08000C3F80401B8F1010F1ED0F2
:1032C0000023701C01F1010C00FB0CF000F0FF0C5E
:1032D000002002EBC00A9AF87CA0BAF1000F13D0CC
:1032E000002418E0C2F810B0C2F814B0C2F818B048
:1032F00082F801B06FF03100C3F8340132E00AF116
:10330000010A0AF0FF03DCE7641CE4B2012C00D1DF
:103310000546644503D2401CC0B20828D9D3644591
:1033200006D213A0FEF7AEF8012007B0BDE8F08F7B
:1033300007EB470002EB8000C0F810B0C0F814B0F3
:10334000C0F818B0857680F81BC080F8189080F817
:103350001980CDE900560291BDF818204146484633
:10336000FEF7D6FF0020E0E700700540E065002092
:103370005B4F544750455D286572726F72296E6FBE
:1033800020656E6F756768204649464F0D0A0D002F
:1033900077B50646144606F07F0501AB22460021AC
:1033A0003046FFF799FE2A4805EB450100EB810303
:1033B0001C61019A5A6127499DB19B7EE003C009B7
:1033C000C6F3C01440EA4404042B34D201EBC3001A
:1033D00000F5427004604260016841F00101016043
:1033E00034E014B94378042B02D0082C09D00BE048
:1033F000D1F8202142F00102C1F8202100214170C2
:1034000024E04378012B05D014B14078032801D083
:1034100001207EBD01F54071086864F31820086042
:10342000086820F00200086048684A60086840F0B8
:10343000010008600AE01B1F01EBC30000F5547097
:1034400004604260016841F00101016000207EBD1E
:10345000E06500200070054030B5044604F07F05AB
:103460000023012209212046FFF736FE11487DB1D5
:1034700004F07F000F4AA0F10100210602EB80005A
:1034800010D5D0F8601141F4C051C0F860110FE0C0
:10349000094A00215170D0F8201141F00401C0F810
:1034A000201105E0D0F8801141F4C051C0F880111E
:1034B000002030BD00700540E0650020F0B50746F3
:1034C0000D46144607F07F062B462246002138465B
:1034D000FFF702FE384806EB460100EB81010C6164
:1034E000364A9EB1897EE003C009C7F3C01340EAA3
:1034F0004303042952D202EBC10000F5427003607D
:103500004560016841F00101016052E014B9417861
:10351000042927D014B1407802282CD0D2F8140105
:10352000C00639D502F54072106864F318201060A7
:10353000106840F00200106050685560106840F05C
:1035400001001060A2F54072D2F82803C007FBD03A
:103550000120C2F82803D2F8200140F00200C2F88E
:10356000200126E0D2F8201141F00101C2F820111B
:10357000002141701DE002F54072106864F31820CC
:103580001060106840F002001060506855601068CC
:1035900040F0010010600CE00120F0BD091F02EBBB
:1035A000C10000F5547003604560016841F00101FD
:1035B00001600020F0BD0000E065002000700540C3
:1035C00070B5064606F07F010B4801EB410100EBA8
:1035D000810404F1100500231A460D213046FFF73F
:1035E0007BFDEA7AA97A3046FEF794FF002020613D
:1035F0006061A06170BD0000E065002007490028FF
:1036000004D0D1F8000140F4007003E0D1F80001CB
:1036100020F40070C1F800010020704700700540E0
:1036200010B5C0211548ECF734FEFFF72DFD041E40
:1036300004D013A0FDF726FF204610BD18480168EE
:1036400021F004010160416A21F007014162472134
:10365000C1644FF0FF318163816841F001018160F5
:103660006FF05F01C163016841F00401016001680E
:1036700041F020010160002010BD0000E065002045
:103680005B4F544750455D286572726F72296E6FAB
:103690007420446576696365206D6F64650A0D006A
:1036A000007105400348016841F0020101600020FB
:1036B00070470000ECFB01400149086000207047A2
:1036C000047105401349012807D002280CD00328B3
:1036D00011D0042816D001207047D1F8140140F011
:1036E0000200C1F8140113E0D1F8140140F0040005
:1036F000C1F814010CE0D1F8140140F00800C1F841
:10370000140105E0D1F8140140F01000C1F81401D3
:10371000002070470070054010B5114CA0780028BB
:103720001CD018210F48ECF7B4FD0E48E169503861
:103730000165216A4165616A8165A16AC165E16AC5
:103740000166216B416608480078002806D11822DE
:10375000BDE8104003490220FDF740B810BD00004D
:10376000FA000020DA410020440200202DE9F04751
:103770000546884614469946032D0BD12046FBF793
:10378000ABFE38B15148017841F0100101700020C2
:10379000BDE8F087B8F1000F05D0B8F1030F02D0F3
:1037A000042D02D021E00020F2E70025B8F1020F3D
:1037B0000CD04749474E484FB8F1040F1FD0B8F11D
:1037C000050F5AD0B8F1060F0FD10BE0B9F1030F76
:1037D0000BD16078A17840EA01203E492839488021
:1037E0000020D5E7B9F1020F01D00120D0E76078C1
:1037F00018B1002008700020CAE70120FAE7087815
:1038000020B1B9F12B0F03D00120C1E70020BFE7A1
:103810000020012362780FE004EB4001B1F80310AF
:10382000692901D30120B3E703FA00F1294201D04D
:103830000120ADE70D43401C8242EDD8002017E087
:10384000C0EBC00106EB8101897E81B100EB400134
:103850002144CA7C0B7D1202497D42EA034242EABE
:10386000016104EB4002B2F8032047F82210401C2B
:1038700061788142E4D800208AE7087818B1B9F16C
:10388000090F0AD101E0002082E76088A188884200
:1038900003D8692801D2692912D3012078E7C0EB47
:1038A000C00106EB8101897E49B1A179E279090263
:1038B00041EA0241227A41EA026147F82010401CA5
:1038C000A1888142EBD2002062E700006C0000205A
:1038D000B3020020DC040020904A002010B50E48FE
:1038E0000C49016000214160012282600223C36013
:1038F000016141618161016241628262C36201636F
:1039000043638263EEF7EAF808B1012010BD00209E
:1039100010BD000000400540641E002010B50C489A
:103920000A4901600121416081600822C260016191
:103930000022426181611F21C16102628284EFF72E
:10394000B5F908B1012010BD002010BD00B0024043
:10395000C41E002010B50748016D21F00201016569
:103960000548EFF778F9EEF7C5FEEEF755FA0020B7
:1039700010BD000000F00140C41E002070B52B4CAB
:103980004FF0FF32226062604FF00F30A060A06302
:103990000025E560E563A4F5D074002004EB800108
:1039A000C1F86051C1F88051401C0828F6D3C4F812
:1039B0000053002004EBC001C1F80853401C042848
:1039C000F8DB0420011F04EBC101C1F85053401C77
:1039D0000828F7D304F58274D4F82C0220F00100F3
:1039E000C4F82C02C4F824226263206820F07F000F
:1039F0002060206820F080002060FDF739F96068C1
:103A000040F001006060D4F82C0240F00100C4F8DE
:103A10002C0240210648ECF73CFC05487C38017834
:103A200021F002010170457070BD0000A0710540D9
:103A30005C66002010B50448016821F002010160B5
:103A4000FDF72AF910BD0000ECFB014010B5044859
:103A5000016841F008010160FDF7ECFB10BD0000BA
:103A60000071054008000000000000000000000098
:103A70000000000000000000000000000000000046
:103A80000000000000000000C00000000000000076
:103A90000010203040507D7D011121317D517D7D10
:103AA0000212223241527D7D03132333427D7D7DFC
:103AB00004142434437D7D7D05152535447D7D7DAD
:103AC0000616263645537D7D07172737467D7D7DB3
:103AD00008182838477D7D7D09192939485B7D7D87
:103AE0000A1A2A3A49547D7D0B1B2B3B4A557D7D92
:103AF0000C1C2C696B577D7D635C3C4C4B587D7D69
:103B000068676A6C5A597D7D7D7D7D7D7D7D7D7D7B
:103B100000000000000000000000000000000000A5
:103B20000000000000000000000000000000000095
:103B3000000000000000000029352B39E1E0000002
:103B40003A1E140400E300003B1F1A161DE2000099
:103B50003C2008071B0000003D211509060000005D
:103B60003E22170A190000003F231C0B052C000001
:103B70004024180D1100000041250C0E100000001B
:103B80004226120F364F00004327133337E600005A
:103B9000442D2F3438AF0000452E304B4DE400004B
:103BA000462A3128E55000004A494C4E5251000047
:103BB0000000000000000000000000000000000005
:103BC00000000000000000000000000000000000F5
:103BD00000000000000000000000000000000000E5
:103BE000B500B600B700CD00E000E200E300E4005D
:103BF000E500E900EA0052015301540155018A0130
:103C00002102230224022502260227022A0292010F
:103C10009401830102020302A00218026F007000E7
:103C200001020408102040804CD229353AC83BBF1D
:103C30003CC03DC13EC73FC940B141B342B043B5AE
:103C400044BA45B94D482A470F9D4946E5D328DA7D
:103C5000E3D1E2E210AC52D451D550D74FD60AF09E
:103C60000EDC1D004CD229353ACF3BCE3CAD3DC0D9
:103C70003E3E3F3F40B141B342B043B544BA45B97F
:103C80004D482A470F9D4946E5D328DAE3E3E2D1C0
:103C900010AC52D451D550D74FD60AF00EDC7D006F
:103CA0000029013A023B033C043D053E063F074024
:103CB000084109420A430B440C450D000E000F0059
:103CC0001035111E121F132014211522162317243C
:103CD000182519261A271B2D1C2E1D531E541F553F
:103CE000202B2114221A230824152517261C2718F7
:103CF000280C29122A132B2F2C302D5F2E602F61B8
:103D000030393104321633073409350A360B370D92
:103D1000380E390F3A333B343C313D5C3E5D3F5EFB
:103D200040E1411D421B4306441945054611471019
:103D3000483649374A384BE54C284D594E5A4F5B67
:103D400050E051E352E2532C54E655AF566557E428
:103D5000585059515A525B4F5C2A5D625E635F58FE
:103D60006000613262646346644765E7664867499C
:103D7000684A694B6A4C6B4D6C4E6D566E57708538
:103D8000710072007388748A758B769077917800D1
:103D900001000000D200000002000000A0000000AE
:103DA00003000000A100000004000000A2000000C9
:103DB00005000000A300000006000000DF00000076
:103DC00007000000FE00000008000000AB0000003B
:103DD00009000000AC0000000A0000009C00000088
:103DE0000B000000D30000000C000000DA0000000F
:103DF0000D000000D40000000E000000D5000000FF
:103E00000F000000D600000010000000D7000000E6
:103E1000110000009B00000012000000D000000014
:103E200013000000EB00000014000000EA00000096
:103E300015000000E900000016000000D10000009D
:103E40001E000000AD0000001B0000009D000000EF
:103E500057000000F00000005B000000DC000000E4
:103E600068000707070707070707070B0B0B0B0B74
:103E7000141414141414141B1B1B1B26262626268C
:103E8000393939414141414B4B4B0101010101019C
:103E90000101010101010101010101010101010112
:103EA0000101010101010101010101010101010102
:103EB00001010101010101010101010101010101F2
:103EC00001010101010101010101010101010101E2
:103ED00001010101010101010101010101010101D2
:103EE00001010101010101010101010101010101C2
:103EF00001010101010101010101010101010101B2
:103F000001010101010101010101010101010101A1
:103F10000101010101010202020202020202020287
:103F20000202020202020202020202020202020271
:103F30000202020202020202020202020202020261
:103F40000202020202020202020202020202020251
:103F50000202020202020202020202020202020241
:103F60000202020202020303030303030303030327
:103F70000303030303030303030303030303030311
:103F80000303030303030303030303030303030301
:103F900003030303030303030303030303030303F1
:103FA00003030404040404040404040404040404D3
:103FB00004040404040404040404040404040404C1
:103FC00003030303030303030303030303030303C1
:103FD00003030303020202020202020202020202BD
:103FE00002020202020202020202020202020202B1
:103FF00002020202020202020202020202020202A1
:10400000020202020202010101010101010101019A
:1040100001010101010101010101070707070B0B64
:104020000B0B0B141414141414141B1B1B1B1B2636
:104030002626393939393939414B55555555555554
:1040400055550101010101010101010101010101B8
:104050000101010101010101010101010101010150
:104060000101010101010101010101010101010140
:104070000101010101010101010101010101010130
:104080000101010101010101010101010101010120
:104090000101010101010101010101010101010110
:1040A0000101010101010101010101010101010100
:1040B00002020202020202020202020202020202E0
:1040C00002020202020202020202020202020202D0
:1040D00002020202020202020303030303030303B8
:1040E00003030303030303030303030303030303A0
:1040F0000303030303030303030303030303030390
:104100000303030303020202020203030303030384
:10411000030303030303030303030303030304046D
:104120000404040505050505050505050505050542
:10413000050505050505050505050505060606062B
:10414000060606060606060606060606060606060F
:1041500006060606060606060606060606060606FF
:1041600006060606060606060606060606060707ED
:1041700007070707070707070707070707070707CF
:1041800007070606060606060606060606060606CD
:1041900006060606060606060606060606060606BF
:1041A00006060606060606060606060606060606AF
:1041B000060606060606060606060606060606069F
:1041C000060606060606060606060606060606068F
:1041D0000606070707070B0B0B0B0B14141414141C
:1041E00014141B1B1B1B1B26262639393939393958
:1041F000414B555555555555555501010101010185
:10420000010101010101010101010101010101019E
:10421000010101010101010101010101010101018E
:10422000010101010101010101010101010101017E
:10423000010101010101010101010101010101016E
:10424000010101010101010101010101010101015E
:10425000010101010101010101010101010101014E
:104260000101010101010101020202020202020236
:10427000020202020202020202020202020202021E
:10428000020202020202020202020202020202020E
:1042900002020202020202020202020202020202FE
:1042A00002020202030303030303030303030303E2
:1042B00003030303030303030303030303030303CE
:1042C00003030303030303030303030303030303BE
:1042D00003030303030303030303030303030303AE
:1042E000040404040404040404040404040404048E
:1042F000040404040404040404040404040404047E
:10430000040404040404040404040404040404046D
:10431000040405050505050505050505050505054F
:10432000050505050505050505050505050505053D
:10433000050505050505050505050505050505052D
:10434000050505050505050505050505050506061B
:1043500006060606060606060606060606060606FD
:1043600006060606060606060606060606060606ED
:1043700006060606060605050505050505050505E7
:1043800005050505050505050505050505050505DD
:1043900005050505050505050505050505050505CD
:1043A00005050505050505050505050505050505BD
:1043B00005050505050505050505050507070707A5
:1043C0000B0B0B0B0B141414141414141B1B1B1BBE
:1043D0001B262626393939393939414B555555551A
:1043E000555555550101010101010101010101016D
:1043F00001010101010101010101010101010101AD
:10440000010101010101010101010101010101019C
:10441000010101010101010101010101010101018C
:10442000010101010101010101010101010101017C
:10443000010101010101010101010101010101016C
:10444000010101010101010101010101010101015C
:10445000010102020202020202020202020202023E
:10446000020202020202020202020202020202022C
:104470000202020202020202020203030303030316
:1044800003030303030303030303030303030303FC
:1044900003030303030303030303030303030303EC
:1044A00003030303030303020202020203030303E1
:1044B00003030303030303030303030303030303CC
:1044C00004040404040505050505050505050505A1
:1044D000050505050505050505050505050506068A
:1044E000060606060606060606060606060606066C
:1044F000060606060606060606060606060606065C
:10450000060606060606060606060606060606064B
:10451000070707070707070707070707070707072B
:104520000707070706060606060606060606060627
:10453000060606060606060606060606060606061B
:10454000060606060606060606060606060606060B
:1045500006060606060606060606060606060606FB
:1045600006060606060606060606060606060606EB
:1045700006060606070707070B0B0B0B0B14141494
:10458000141414141B1B1B1B1B26262639393939FE
:104590003939414B55555555555555550101010171
:1045A00001010101010101010101010101010101FB
:1045B00001010101010101010101010101010101EB
:1045C00001010101010101010101010101010101DB
:1045D00001010101010101010101010101010101CB
:1045E00001010101010101010101010101010101BB
:1045F00001010101010101010101010101010101AB
:104600000101010101010101010102020202020294
:10461000020202020202020202020202020202027A
:10462000020202020202020202020202020202026A
:10463000020203030303030303030303030303034C
:10464000030303030303030303030303030303033A
:10465000030303030303030303030303030303022B
:10466000020202020303030303030303030303031E
:1046700003030303030303030404040404050505FF
:1046800005050505050505050505050505050505DA
:1046900005050505050506060606060606060606C0
:1046A00006060606060606060606060606060606AA
:1046B000060606060606060606060606060606069A
:1046C0000606060606060606070707070707070782
:1046D000070707070707070707070707060606066E
:1046E000060606060606060606060606060606066A
:1046F000060606060606060606060606060606065A
:104700000606060606060606060606060606060649
:104710000606060606060606060606060606060639
:104720000606060606060606060606060707070725
:104730000B0B0B0B0B141414141414141B1B1B1B4A
:104740001B262626393939393939414B55555555A6
:1047500055555555010101010101010101010101F9
:104760000101010101010101010101010101010139
:104770000101010101010101010101010101010129
:104780000101010101010101010101010101010119
:104790000101010101010101010101010101010109
:1047A00001010101010101010101010101010101F9
:1047B00001010101010101010101010101010101E9
:1047C00001010202020202020202020202020202CB
:1047D00002020202020202020202020202020202B9
:1047E00002020202020202020202030303030303A3
:1047F0000303030303030303030303030303030389
:104800000303030303030303030303030303030378
:10481000030303030303030202020202030303036D
:104820000303030303030303030303030303030358
:10483000040404040405050505050505050505052D
:104840000505050505050505050505050505060616
:1048500006060606060606060606060606060606F8
:1048600006060606060606060606060606060606E8
:1048700006060606060606060606060606060606D8
:1048800007070707070707070707070707070707B8
:1048900007070707060606060606060606060606B4
:1048A00006060606060606060606060606060606A8
:1048B0000606060606060606060606060606060698
:1048C0000606060606060606060606060606060688
:1048D0000606060606060606060606060606060678
:1048E00006060606070707070B0B0B0B0B14141421
:1048F00014141414161616161626262639393939A4
:104900003939414B555555555555555501010101FD
:104910000101010101010101010101010101010187
:104920000101010101010101010101010101010177
:104930000101010101010101010101010101010167
:104940000101010101010101010101010101010157
:104950000101010101010101010101010101010147
:104960000101010101010101010101010101010137
:104970000101010101010101010102020202020221
:104980000202020202020202020202020202020207
:1049900002020202020202020202020202020202F7
:1049A00002020303030303030303030303030303D9
:1049B00003030303030303030303030303030303C7
:1049C00003030303030303030303030303030302B8
:1049D00002020202030303030303030303030303AB
:1049E000030303030303030304040404040505058C
:1049F0000505050505050505050505050505050567
:104A0000050505050505060606060606060606064C
:104A10000606060606060606060606060606060636
:104A20000606060606060606060606060606060626
:104A3000060606060606060607070707070707070E
:104A400007070707070707070707070706060606FA
:104A500006060606060606060606060606060606F6
:104A600006060606060606060606060606060606E6
:104A700006060606060606060606060606060606D6
:104A800006060606060606060606060606060606C6
:104A9000060606060606060606060606888EE8EEE2
:104AA000FF0000FF6000FFAA0000FF0000FFFF0002
:104AB00000FFFF0080FFB0B00808080808080808D9
:104AC0000808000008080000080808080808080886
:104AD0000808080808080808080808080808080856
:104AE0000000FF003CC300788700C33C00FF003C8F
:104AF000C300788700C33C00FF0000C3003C78007F
:104B0000873C00C33C2F782E3B2D3A2C392B382A7A
:104B100037294216431744183426352736280D0006
:104B20000102030405060708090A0B0C0D0E0F1FEE
:104B30001E1D1C1B1A1918171615141312111020FC
:104B40002122232425262728292A2B2C2D2E2F3CD1
:104B50003B3A393837363534333231303D3E3F40D9
:104B6000414243444546474849535251504F4E4DA8
:104B70004C4B4A54277878787878787878787878B1
:104B8000181726283635787878787878060708193F
:104B90002537424344342916051A24384150091553
:104BA0002A334578041B2339400A142B32464F78A8
:104BB000031C223A3F0B132C31474E48021D213B68
:104BC0003E510C122D300D4D011E203C3D52494BE3
:104BD0002E114C78001F530E102F4A0F78787878DA
:104BE000090C181A1D202326292C2F3235393D4156
:104BF00045494D5155595E63686D72777C81868C4D
:104C000092989EA4AAB0B6BCC3CAD1D8DFE6EDF490
:104C1000FBFFFFFBF4EDE6DFD8D1CAC3BCB6B0AAF8
:104C2000A49E98928C86817C77726D68635E5955DC
:104C3000514D4945413D3935322F2C292623201D20
:104C40001A18600004090D12161B1F24282D313676
:104C50003A3F43484C51555A5E630009121B242DBC
:104C6000374049525B646C747C848C949CA4ACB4D3
:104C7000BB000406080B0D0F111416181A1D1F2176
:104C8000222527292B2E30323437393B3D404244F0
:104C900046494B4D4F52545657595B5C5D5F00047B
:104CA000090D12161B1F24282D31363A3F43484C5C
:104CB00051555A5E63676C7075797E82878B8F93CE
:104CC000979B9FA3A7ABAFB2B5B8BC0010203040F4
:104CD000480020406080A00008101820283038408C
:104CE00048505800102030405060708090A0B000B4
:104CF00020406080A0020408102040201008040218
:104D000004081020402010080402040801041002C6
:104D1000400820020840100104400208010410204D
:104D200040020101020408102001020408102001C1
:104D30000204081020010204081000010203040507
:104D40000607080A0C0E10121416181A1D20232626
:104D5000292C2F3235393D4145494D5155595E6316
:104D6000686D72777C81868C92989EA4AAB0B6BC3E
:104D7000C3CAD1D8DFE6EDF4FBFFFFFBF4EDE6DFBD
:104D8000D8D1CAC3BCB6B0AAA49E98928C86817CA6
:104D900077726D68635E5955514D4945413D3935CE
:104DA000322F2C292623201D1A18161412100E0C2F
:104DB0000A0807060504030201004080FFFFFFFF09
:104DC000FFFFFFFFFFFFFFFFFFFFFFFFFFFFFFFFF3
:104DD000FFFFFFFFFFFFFFFFFFFFFFFFFFF0E2D43A
:104DE000C7BAADA1958A7E746A60564E453D352E90
:104DF00027211C16120D0A06040201000000000003
:104E000000000000000000000000000000000000A2
:104E10000000000000000000000000000000000092
:104E20000000000000000000000000000000000082
:104E3000000000000000000000000000000102046B
:104E4000060A0D12161C21272E353D454E56606A66
:104E5000747E8A95A1ADBAC7D4E2F0FFFFFFFFFFD1
:104E6000FFFFFFFFFFFFFFFFFFFFFFFFFFFFFFFF52
:104E7000FFFFFFFFFFFFFFFFFFFFFFFFC078000105
:104E80001F1E1D2021223C3B3A3D3E3F53525139CB
:104E90004078384178374250364378354478344545
:104EA0004F33467832474E31787830484D78784CD9
:104EB00078494B102F4A787878780E787878787817
:104EC000780F0D112E0C78780B122D0A132C091463
:104ED0002B08152A071629061728051827781926DA
:104EE000041A25031B24021C232401780317044FF2
:104EF000066405C8009B07910263062C01B400D22A
:104F0000040A05820350060A02D2032D00B4017878
:104F100004D305FF021401410664035A00AF02F0F6
:104F20000464053C010A03F5044C00B405C802649E
:104F3000031E01C804B4002303FA0578015A02468F
:104F400004C806960323058C020A047D00EA01C307
:104F500003A00241061404D2059B06E6031700785D
:104F6000066405C8044B033C02590622011700D20F
:104F7000040A0582035006B402F503960050017836
:104F800004E605FF021E011E0664035A009602F0A5
:104F900004D3053C010A03F5047A00B406C8026490
:104FA000031E01C8045000A503FA0578013C02AABB
:104FB00004F006D20309056E0205045000D201BEBA
:104FC00003960232066404D20550060A02C6031E86
:104FD000005001780496021405E10123065000D226
:104FE000047803BC02FA010001010102010301047B
:104FF000010500000000020002010202020300009D
:105000000205000000000300030103020303020481
:10501000030500000000040004010402040303046B
:10502000000000000000050005010502050304045E
:105030000000000000000600060106020603050449
:105040000000000000000700070107020703060434
:105050000605000000000800080108020803070414
:10506000000000000000090009010902090308040A
:105070000000000000000A000A010A020A030904F5
:105080000F05000000000B000B010B020B030A04CC
:105090000A05000000000C000C010C020C030B04BC
:1050A0000B05000000000D000D010D0210011000A5
:1050B0000C05000000000E000E010E020D030C0492
:1050C0000D05000000000F000F010F0210020E047A
:1050D0000E050000000000000000000000000000BD
:1050E0000000000000007878787878787878001FE1
:1050F000203C3D537878011E213B3E527878021DBA
:10510000223A3F517878031C233940787878041B81
:10511000243841787878051A25374250787806196E
:105120002636437878780718273544787878081732
:1051300028344578787809162933464F78780A1547
:105140002A32474E78780B142B31484D78780C135F
:105150002C30784C78780D122D78494B78780E11D8
:105160002E78784A78780F102F7878787878787851
:1051700078787878787878787878787878787878AF
:10518000787878787878787878787878787878789F
:10519000787878787878FF0000FF8000FFFF0000C3
:1051A000FF0000FFFF0000FFFF0080FFFFFF29243A
:1051B00021C0C0C0708A87708069808069FFFFFF4E
:1051C000FAEBD7F0FFFFF5F5F5FFEBCDFFF8DCFCD0
:1051D000E6C9FFFAF0DCDCDCF8F8FFF0FFF0FAFFDC
:1051E000F0FAF0E6FFDEADFDF5E6FFF5EEFFFAFAC8
:1051F000FF00009C661FE3170DFF7F50B22222B014
:10520000171FB03060FFC0CB872657FA8072FF634C
:1052100047FF4500FF00FFFFFF00E3CF57FF991254
:10522000EB8E55FFE384FFD700DAA569E3A869FF99
:105230006100FF6103ED9121FF8000F5DEB3802A5C
:105240002AA394808A360F873324D2691EFF7D40BB
:10525000F0E68CBC8F8FC76114734A125E2612A0D1
:10526000522D8B4513F4A460D2B48C0000FF3D593D
:10527000AB1E90FF0B174603A89E19197033A1C9E6
:1052800000C78CB0E0E64169E16A5ACD87CEEB00F9
:10529000FFFF385E0F082E547FFFD440E0D000FFA0
:1052A000007FFF003D914000C957228B227CFC000B
:1052B00032CD32BDFCC96B8E233080142E8B57004B
:1052C000FF7FA020F08A2BE2A066D39933FADA7030
:1052D000D6DDA0DD6A000102030405060708090AFD
:1052E0000B0C7878781F1E1D1C1B1A191817161521
:1052F0001413787878202122232425262728292A88
:105300002B2C7878783C3B3A393837363534333281
:10531000312D7878783D3E3F4041424344454647F1
:105320004830787878535251504F4E784D4C4B4915
:105330004A127878787878780D787878110E102E6F
:105340000F2F78787878787878787878787878788F
:10535000787878787800004064A0FFFF4BFFFFC8A2
:1053600096644B28280808000700080007FF000083
:10537000FF0100FF0200FF0400FF0600FF0A00FF1C
:105380000D00FF1200FF1600FF1C00FF2100FF2789
:1053900000FF2E00FF3500FF3D00FF4500FF4E00DF
:1053A000FF5600FF6000FF6A00FF7400FF7E00FFF1
:1053B0008A00FF9500FFA100FFAD00FFBA00FFC704
:1053C00000FFD400FFE200FFF000FFFF00FFFF003E
:1053D000F0FF00E2FF00D4FF00C7FF00BAFF00ADFE
:1053E000FF00A1FF0095FF008AFF007EFF0074FF11
:1053F000006AFF0060FF0056FF004EFF0045FF00FF
:105400003DFF0035FF002EFF0027FF0021FF001C9D
:10541000FF0016FF0012FF000DFF000AFF0006FF4D
:105420000004FF0002FF0001FF0000FF0000FF007A
:1054300000FF0100FF0200FF0400FF0600FF0A005A
:10544000FF0D00FF1200FF1600FF1C00FF2100FFF0
:105450002700FF2E00FF3500FF3D00FF4500FF4EF7
:1054600000FF5600FF6000FF6A00FF7400FF7E002F
:10547000FF8A00FF9500FFA100FFAD00FFBA00FF0B
:10548000C700FFD400FFE200FFF000FFFF00FFFFB6
:1054900000F0FF00E2FF00D4FF00C7FF00BAFF00EA
:1054A000ADFF00A1FF0095FF008AFF007EFF0074A2
:1054B000FF006AFF0060FF0056FF004EFF0045FF3F
:1054C000003DFF0035FF002EFF0027FF0021FF00F9
:1054D0001CFF0016FF0012FF000DFF000AFF000670
:1054E000FF0004FF0002FF0001FF0000FF0000FFBB
:1054F0000100FF0200FF0400FF0600FF0A00FF0D8D
:1055000000FF1200FF1600FF1C00FF2100FF270014
:10551000FF2E00FF3500FF3D00FF4500FF4E00FF5E
:105520005600FF6000FF6A00FF7400FF7E00FF8AE4
:1055300000FF9500FFA100FFAD00FFBA00FFC7000C
:10554000FFD400FFE200FFF000FFFF00FFFF00FFBD
:10555000FF00F0FF00E2FF00D4FF00C7FF00BAFF2A
:1055600000ADFF00A1FF0095FF008AFF007EFF0055
:1055700074FF006AFF0060FF0056FF004EFF004509
:10558000FF003DFF0035FF002EFF0027FF0021FF39
:10559000001CFF0016FF0012FF000DFF000AFF00B5
:1055A00006FF0004FF0002FF0001FF0000C0050F1E
:1055B00019232D37414B555F69730C5D5D5C5C5B56
:1055C0005B5A5A5959585857575656555554540AB4
:1055D0000A0000232D37414B4B0000232D37414B50
:1055E0004B000000000000000000FFFFC896644B65
:1055F0001919FFFFC896644B28280000000000001E
:105600000000000A141E28323C46505A5F01000078
:10561000000000040101000100000004020100017B
:105620000001000403010101000100040401010163
:10563000010100040501010101010106060000004D
:105640000000000207010101010101020808080031
:10565000070008000700264C6E94B0030000232DBD
:1056600037414B4B0000232D37414B4B00000000CE
:105670000000000000FFFFC896644B1919FFFFC827
:1056800096644B2828000000000000000000000085
:1056900003940100038A0100032102000323020096
:1056A000039201000383010003B6000003CD000054
:1056B00003B5000003E2000003EA000003E9000074
:1056C00003700000036F00000D00001E03210200A4
:1056D00002003E0002003F0003B6000003CD0000C0
:1056E00003B5000003E2000003EA000003E9000044
:1056F0000D0000160200E2000000000000000000A3
:105700000000000000000000000000000000000099
:105710000000000000000000000000000000000089
:105720000200E3000D000016000000000000000071
:105730000000000000000000000000000000000069
:105740000000000000000000000000000000000059
:105750000800000000000000000000000000000041
:105760000000000000000000000000000000000039
:105770000000000000000000000000000400000025
:1057800007FC10000000000007FC100001000000F2
:10579000FFFF000002000000FFFF00000300000008
:1057A000FF3F000000B2014000000000CF7F110069
:1057B00000B20140050000007FFF150000B201406B
:1057C0000A0000001FFF150000000000000000009C
:1057D00000000000000000000000000000000000C9
:1057E00000000000000000000000000000000000B9
:1057F00000000000000000000000000000000000A9
:105800000000000000000000000000000000000098
:1058100000000000000000000000000004B2014091
:1058200014000000DFFF030004B201401900000073
:10583000CFBF040008B20140000000008BFD000053
:1058400008B2014005000000C374000008B2014026
:105850000A000000AF74040008B201400F0000000D
:105860008B74010000000000000000000000000038
:105870000000000000000000000000000000000028
:105880000000000000000000000000000000000018
:10589000000000000CB201400A000000215000008E
:1058A00010B2014000000000FFB7050010B2014037
:1058B00005000000BF77070010B201400A00000099
:1058C000FFBF070010B201400F000000073D0400B9
:1058D00010B20140140000008FFF050010B201401B
:1058E00019000000BF7F010014B201400000000059
:1058F0001F73150014B20140050000005F73030020
:1059000014B201400A000000FF77050014B2014004
:105910000F000000FF12050014B201401400000047
:10592000FF72070014B20140190000001F78050043
:1059300018B2014000000000FFFF100018B2014043
:1059400005000000FFEF100018B201400A0000003F
:105950005F7F010018B201400F000000DD7F0100F1
:1059600020B2014000000000EFFA050020B2014023
:1059700005000000FFF9070020B201400A00000006
:10598000C3F9010020B201400F00000083B90400F8
:1059900020B2014014000000FFF3010020B20140DA
:1059A00019000000CF33140024B2014000000000B1
:1059B000E7FF110024B2014005000000C7FB110001
:1059C00024B201400A000000AFF9150024B20140E2
:1059D0000F000000CFF9100024B2014014000000B5
:1059E0000730010024B20140190000007FB0070019
:1059F00028B201400000000003B1010028B20140BC
:105A00000500000007B0010028B201400A000000B4
:105A100003F3010028B201400F00000003F304006B
:105A200030B20140000000008FA1010030B20140FF
:105A300005000000FF21030030B201400A00000011
:105A4000FF21070030B201400F000000FFA101005C
:105A500030B2014014000000FFA0150030B2014038
:105A6000190000000700010034B2014000000000EE
:105A70001F00030034B201400500000003000000D5
:105A800034B201400A00000041F0000034B201408D
:105A90000F00000041F0000034B20140140000008B
:105AA0000320000034B20140190000000320000070
:105AB00038B20140000000001F00010038B2014070
:105AC000050000001F0004007F007F037F067F09A0
:105AD00000000000000000000000011D00000000A8
:105AE00000007700770377067709000000000000C8
:105AF00000000000011D0000000000007700770397
:105B00007706770900000000000000000000011D7A
:105B10000000000000006F006F03000000000000A4
:105B20000000000000000000011D00000000000057
:105B30006F006F0300000000000000000000000084
:105B40000000011D000000000000770077037706C9
:105B5000770900000000000000000000011D0000A7
:105B60000000000021000000000000000000000014
:105B70000000000000000000000000000000210004
:105B80000000000000000000000000000000000015
:105B900000000000000000004700470347064709D7
:105BA000470C470F471247154718471B4700470345
:105BB000011D0F0D0D01090D000000001400000073
:105BC000140301101406022014090330280204F102
:105BD000141D0590E01E1FF21400000014030110B4
:105BE000141D03901400000014030110280202F198
:105BF000141D039014000000140301101406022069
:105C000014090330140C0440140F055014120660DC
:105C10001415077014180880141B099018000AA0A6
:105C200018030BB0181D0DC0485C010000000020D7
:105C300000120000F4020000646201000012002063
:105C4000486C0000C4150100563E05010101042FF7
:105C500002402F29389AC80C394812B0434002023A
:105C6000261902431413901FAA2008015A03FF6C3F
:105C700007011605210150AF10920F32640B392C29
:105C8000016F09393C7944410224F0000C37FFDCF4
:105C9000B48C6E553C281408030B1140807C3132C3
:105CA000107C252101041A31045A3D0C5A49041A6A
:105CB000710414A11901141116018BD315F9100EDA
:105CC00048494420496E746572666163653309040E
:105CD000299F15092110012301221C070580102C82
:105CE00004070517291E0113140906011475020182
:105CF00014FD03011A91084B6508601A2D102A51F2
:105D000010190441145105011ADD0491520A2303AC
:105D1000067A08CD715AAA015AEE018BFEFF01489E
:105D20000A7FBFDFEFF7FBFDFC7E081C7E20FA84B4
:105D300022FC14290B011A35041A810414A90C0140
:105D40001AB11841100902030403090412013202B6
:105D5000E80A40450CD680170101027261281453ED
:105D60007472696E6720466F7220546573742E2EAC
:105D70002E20FA231A4A1BEE433E19AC1AE81029CA
:105D80003C198A1B0129E3291C0B10C2A61C1435DF
:105D9000030223A85C0B10F0F01C142B030323FE5A
:105DA00065FC323B011C14390304238C780B106A08
:105DB000851C14E103052352530B10ACCF1C14E0D7
:105DC00003060B148ADEA8143A03070B145294A896
:105DD000141E03080B1478B9A8141403090B14FC3F
:105DE000CBA81404030A0B1418F1A8141D030B0B01
:105DF0001418B0A814E3030C0C13C22801A83C3BF0
:105E0000030DC40912A8141F030E0C13A60301A846
:105E1000141A030F0C13341601A8141603101A5089
:105E2000180912A8141B03110C13E80C01A814E2A2
:105E300003120B14FA72A83C3C0313C40912A814F1
:105E40002003140B14DE4DA8140803150B146C600A
:105E5000A8140703161A88A40912A8140603170C1D
:105E6000133A2302A8142C03180C1360BE04A814C0
:105E70004603190B143CBDC43C3D031AE00912C48F
:105E80001421031B0B141698C41415031C0B14A423
:105E9000AAC41409031D1AB6A40912C41419031EB6
:105EA0000C138C3903C414E6031F0C13980805A8BF
:105EB000144703200C13902C021C3C3E0321E009E4
:105EC00012C4142203220B1444E2C4141703230B3C
:105ED00014D2F4C4140A03240C13EE1902C41405DA
:105EE00003250B14EE72C4111303260B14C876A8F5
:105EF000143F03270C13740702A8142303281A7CE9
:105F0000E00912A8141C03290C131E3F02A8140B4D
:105F1000032A0B144464A81411032B0B1422F3A8B6
:105F20001465032C0C13BC5205A81448032D0B1444
:105F30000AC1C41440032E0B149851C41424032F17
:105F40001AB4FC0912C4141803300B145689C41473
:105F50000D03310B145EAEC4141003320C13CA4F80
:105F600004C414E403330C1360BE048C14490334DA
:105F70000C132E0B03C4144103350B14D09BC42403
:105F800025033619FC0912C4140C03370B1484D3EF
:105F9000C4140E03380B14A0F8C4143603391A566F
:105FA000A80912C41450033A0C139808058C144A1B
:105FB000033B0B14827AC41442033C0B1412E6C454
:105FC0001426033D1A24FC0912C41412033E0C13B8
:105FD000BC1D03C4140F033F0C13D84203C43C3749
:105FE0000340A80912C4145103410B14BC52C41439
:105FF0004B03420B14BAC4C4144303430C134A307A
:106000000338142703440B146655C4141303450BBB
:1060100014F467C4143303460B14108DC43C3803C6
:1060200047C409121C145203483C60BE0470DA4491
:106030001C144C03490C13FC0E04C41444034A0BF7
:1060400014827AC4142D034B0B14B29FC4142F0373
:106050004C0B142CB2C41434034D0C133E1804A87A
:1060600014E5034E14BC52050B10ACCF1C144F03A7
:106070004F1A8EE0091270144D03500B143459C49A
:10608000144503510B14BAC4C4142E03520B14CC80
:10609000E9C4143003530C139C46041C14310354FC
:1060A0000C13D62A04E0142803550C130E34047084
:1060B000142A03561AD0E0091254144E03570C1335
:1060C000F2B70538145303580B1406B8383C5F0375
:1060D000593809128C3C5C035A1C0B106A851C143D
:1060E00059035B140EDD050B10ACCF1C1462035C6E
:1060F0000C139A96068C1456035D0C13EE7203383B
:106100001113035E0B142002381454035F1A2A1C67
:106110000912C43C6003601C0912C43C5D03611C8D
:106120000912C4145A03620C13624C068C3C6303BC
:1061300063C4091270145703641A6C380912A83C1E
:10614000550365540912383C610366380912A83CAE
:106150005E0367380912A83C5B03688C09121C10A7
:106160000B58050C0901A101850319152A3C0315DB
:106170001009263C0395017510811EC00501098098
:10618000191009020501198129831518092501959E
:1061900003750181021F2C0581011F1A061F2C01A6
:1061A00005071B12192D297795781F29191A02192D
:1061B0001A0657111E050919012956193C5A053CA2
:1061C0001C03810122581130093109381581257FBE
:1061D000750895038106C04F2F050719E029E730A0
:1061E0003D75019508303B08813C1B05084A3B057D
:1061F00091421F910195067508AC12FF19311113D8
:106200002AFF19AF380A0668FF0961A1010962185F
:106210001B9540397C0209630DEE9102C00667228E
:106220006AB12212963A1023313204140101013A64
:10623000400221324113DF105320014918413287B7
:106240007A58187A031832226B2011183202491A30
:1062500032231A42182960012014952C014B6D3706
:046260004281000077
:020000040007F3
:04DFFC005555AAAA23
:04000005000001C135
:00000001FF
